arrivals,mean_q_time_nurse,mean_time_with_nurse,mean_nurse_utilisation
10776.741935483871,0.499036905566402,9.978456743390534,0.49767035119563796
115.80327218806197,0.06739346957542013,0.11513823236530764,0.007524465631261531
10734.264952313013,0.47431678135150124,9.936223698796068,0.4949103549196282
10819.21891865473,0.5237570297813028,10.020689787985,0.5004303474716477
