resource_name,simulation_time,utilisation,queue_length,running_mean_wait_time,run
nurse,38880,0.6,0,0.4716432097307778,0
nurse,39000,0.4,0,0.47031436993680903,0
nurse,39120,0.6,0,0.4689459424532967,0
nurse,39240,0.6,0,0.4680068297218392,0
nurse,39360,0.0,0,0.4674164741570776,0
nurse,39480,0.2,0,0.46648490171232015,0
nurse,39600,1.0,3,0.4678380904064445,0
nurse,39720,0.4,0,0.46944226337805417,0
nurse,39840,0.4,0,0.4680529699084536,0
nurse,39960,0.0,0,0.4709946503761595,0
nurse,40080,0.2,0,0.4701007135898131,0
nurse,40200,0.2,0,0.47501865733633225,0
nurse,40320,0.6,0,0.4748278304740551,0
nurse,40440,0.6,0,0.4744074728125253,0
nurse,40560,0.2,0,0.48221038424276913,0
nurse,40680,1.0,3,0.4812546725685281,0
nurse,40800,0.4,0,0.4807639515802787,0
nurse,40920,0.2,0,0.4796571568716047,0
nurse,41040,0.4,0,0.47832656020532627,0
nurse,41160,0.4,0,0.47745878548519827,0
nurse,41280,0.2,0,0.47618568330506433,0
nurse,41400,0.2,0,0.47519014163132944,0
nurse,41520,0.6,0,0.4740189459082833,0
nurse,41640,1.0,1,0.4733930164779788,0
nurse,41760,0.0,0,0.47259750845814585,0
nurse,41880,0.8,0,0.47127290079265965,0
nurse,42000,0.2,0,0.4725554526194577,0
nurse,42120,0.6,0,0.47226550437926057,0
nurse,42240,0.6,0,0.47102495575687164,0
nurse,42360,0.6,0,0.46988700288104196,0
nurse,42480,0.2,0,0.468841454200424,0
nurse,42600,0.8,0,0.467923273922442,0
nurse,42720,0.4,0,0.46675928930506344,0
nurse,42840,0.2,0,0.46648665698267594,0
nurse,42960,0.8,0,0.4653964265294646,0
nurse,43080,0.6,0,0.4645563413256758,0
nurse,43200,0.2,0,0.46324570730846654,0
nurse,43320,0.8,0,0.46232005739377197,0
nurse,43440,0.6,0,0.4767787312495113,0
nurse,43560,0.4,0,0.4775130597258948,0
nurse,43680,0.6,0,0.4765669783755732,0
nurse,43800,0.4,0,0.4753255841087187,0
nurse,43920,0.4,0,0.47426059579515734,0
nurse,44040,0.8,0,0.47328501277903273,0
nurse,44160,0.8,0,0.4719343376333154,0
nurse,44280,0.8,0,0.4712536319566377,0
nurse,44400,0.8,0,0.46983320830513847,0
nurse,44520,0.0,0,0.46887707985079247,0
nurse,44640,0.4,0,0.4676770590833692,0
nurse,44760,1.0,0,0.4662356801511506,0
nurse,44880,0.8,0,0.4650412676545044,0
nurse,45000,0.4,0,0.4638209004370766,0
nurse,45120,0.6,0,0.46276841803077856,0
nurse,45240,0.4,0,0.47197951798467735,0
nurse,45360,0.6,0,0.4711601802223569,0
nurse,45480,1.0,0,0.4805523761757623,0
nurse,45600,0.2,0,0.4800307649881504,0
nurse,45720,0.6,0,0.478750242338238,0
nurse,45840,0.6,0,0.47755850353756757,0
nurse,45960,0.4,0,0.47645427474631,0
nurse,46080,0.4,0,0.4802918925911378,0
nurse,46200,1.0,0,0.4795918044921579,0
nurse,46320,0.6,0,0.47845185792800005,0
nurse,46440,0.8,0,0.4781939508430322,0
nurse,46560,0.2,0,0.47734580278832744,0
nurse,46680,0.0,0,0.4761794847934787,0
nurse,46800,0.4,0,0.4749095650661164,0
nurse,46920,0.6,0,0.47456804584196416,0
nurse,47040,0.6,0,0.4754023261092026,0
nurse,47160,0.6,0,0.4746097246985504,0
nurse,47280,0.2,0,0.4736226817638974,0
nurse,47400,1.0,4,0.4744030783336602,0
nurse,47520,0.4,0,0.47789206795355554,0
nurse,47640,0.2,0,0.4769636064877194,0
nurse,47760,0.2,0,0.475941345027932,0
nurse,47880,0.2,0,0.47499752197151857,0
nurse,48000,0.0,0,0.4736999102181857,0
nurse,48120,0.6,0,0.4724599595329519,0
nurse,48240,0.2,0,0.47130338680459705,0
nurse,48360,0.0,0,0.4703438929389525,0
nurse,48480,0.2,0,0.4694984536376448,0
nurse,48600,1.0,2,0.471986846370348,0
nurse,48720,1.0,0,0.4719946333162926,0
nurse,48840,0.8,0,0.4711556812551373,0
nurse,48960,1.0,2,0.4712925644405944,0
nurse,49080,0.6,0,0.4715050484368221,0
nurse,49200,0.8,0,0.4704103685549337,0
nurse,49320,0.0,0,0.46962083708597163,0
nurse,49440,0.8,0,0.46879654648314006,0
nurse,49560,1.0,2,0.4689635940087667,0
nurse,49680,0.4,0,0.47089558127533104,0
nurse,49800,0.4,0,0.4696655049528356,0
nurse,49920,0.0,0,0.4692306346639292,0
nurse,50040,0.4,0,0.4682693237742229,0
nurse,50160,0.4,0,0.4672751995611467,0
nurse,50280,0.4,0,0.46624870453622014,0
nurse,50400,0.8,0,0.46632710100015046,0
nurse,50520,0.8,0,0.46643191896187164,0
nurse,50640,0.6,0,0.465411542350461,0
nurse,50760,0.2,0,0.4644748159948407,0
nurse,50880,0.2,0,0.4662198569582335,0
nurse,51000,1.0,1,0.46570634394554006,0
nurse,51120,0.8,0,0.46635080840795806,0
nurse,51240,0.4,0,0.4678408012441895,0
nurse,51360,0.6,0,0.4676587613562428,0
nurse,51480,0.6,0,0.46687127626249336,0
nurse,51600,0.0,0,0.4658372708392755,0
nurse,51720,0.4,0,0.4649228971355722,0
nurse,51840,0.4,0,0.46442958178195115,0
nurse,51960,0.4,0,0.46446430635764024,0
nurse,52080,0.4,0,0.4638002256130373,0
nurse,52200,0.0,0,0.46400480389552257,0
nurse,52320,0.6,0,0.4628874772550939,0
nurse,52440,0.4,0,0.46198360384851234,0
nurse,52560,0.8,0,0.46073789867747295,0
nurse,52680,1.0,2,0.4612017830319928,0
nurse,52800,0.6,0,0.4663595994046208,0
nurse,52920,0.4,0,0.46556157315759256,0
nurse,53040,0.2,0,0.46633649067990907,0
nurse,53160,0.4,0,0.47037746043836653,0
nurse,53280,0.8,0,0.469706144859403,0
nurse,53400,0.2,0,0.468707560904954,0
nurse,53520,0.2,0,0.4684230223462136,0
nurse,53640,0.4,0,0.46762699593952467,0
nurse,53760,0.4,0,0.46785730998869585,0
nurse,53880,0.6,0,0.46797093833397413,0
nurse,54000,0.6,0,0.4673522530369797,0
nurse,54120,0.0,0,0.46629804945376296,0
nurse,54240,0.6,0,0.46545134323380777,0
nurse,54360,0.6,0,0.464506675387291,0
nurse,54480,0.4,0,0.464070627222047,0
nurse,54600,0.8,0,0.46906101655679794,0
nurse,54720,0.8,0,0.46949760571963484,0
nurse,54840,0.4,0,0.4690042055585476,0
nurse,54960,0.2,0,0.46789417624036417,0
nurse,55080,0.2,0,0.4670300649781122,0
nurse,55200,0.4,0,0.46622915597064724,0
nurse,55320,0.0,0,0.4698800518930228,0
nurse,55440,0.6,0,0.4687774392419193,0
nurse,55560,0.6,0,0.4709436761857864,0
nurse,55680,1.0,0,0.47032595311982706,0
nurse,55800,0.8,0,0.47486125039081806,0
nurse,55920,1.0,0,0.47504897770636045,0
nurse,56040,0.6,0,0.4760328248004387,0
nurse,56160,0.4,0,0.4754466423743395,0
nurse,56280,0.8,0,0.47446262222532637,0
nurse,56400,0.4,0,0.4737672205595857,0
nurse,56520,0.8,0,0.47287612233909754,0
nurse,56640,0.4,0,0.47246842112438797,0
nurse,56760,0.6,0,0.47168130172226486,0
nurse,56880,0.6,0,0.47353266291282353,0
nurse,57000,0.4,0,0.47277930805033497,0
nurse,57120,0.8,0,0.4720532918651217,0
nurse,57240,0.4,0,0.47224140331880327,0
nurse,57360,0.2,0,0.47480098622943173,0
nurse,57480,0.2,0,0.47382342603542416,0
nurse,57600,1.0,1,0.4734979162174349,0
nurse,57720,0.4,0,0.4736178168046837,0
nurse,57840,0.2,0,0.4759704275145741,0
nurse,57960,0.4,0,0.4752897752178218,0
nurse,58080,0.4,0,0.4744175060544938,0
nurse,58200,1.0,0,0.4736947080581924,0
nurse,58320,0.6,0,0.47273223997544617,0
nurse,58440,0.8,0,0.4726387097976812,0
nurse,58560,0.4,0,0.4717464576486564,0
nurse,58680,0.2,0,0.4708286977511877,0
nurse,58800,0.4,0,0.46985549834462303,0
nurse,58920,0.6,0,0.46878535586447057,0
nurse,59040,0.6,0,0.4678628363828903,0
nurse,59160,0.8,0,0.4665057458748472,0
nurse,59280,1.0,1,0.46637817104158547,0
nurse,59400,0.2,0,0.46526094419014763,0
nurse,59520,0.4,0,0.4643060256738676,0
nurse,59640,0.4,0,0.4635300346527825,0
nurse,59760,0.4,0,0.4633375641146987,0
nurse,59880,0.6,0,0.4632807050801872,0
nurse,60000,0.6,0,0.4642062367535141,0
nurse,60120,0.6,0,0.46378918580710954,0
nurse,60240,0.4,0,0.46306010082254356,0
nurse,60360,0.4,0,0.4622426153562032,0
nurse,60480,0.4,0,0.4617222237265935,0
nurse,60600,0.4,0,0.4611404226777277,0
nurse,60720,0.2,0,0.4603011135360886,0
nurse,60840,0.2,0,0.45937543500740774,0
nurse,60960,0.8,0,0.4590381416531457,0
nurse,61080,0.8,0,0.47062258889620834,0
nurse,61200,0.4,0,0.47295270730443256,0
nurse,61320,0.4,0,0.4725639956437963,0
nurse,61440,0.6,0,0.4720779749501985,0
nurse,61560,0.2,0,0.4715021222586182,0
nurse,61680,1.0,0,0.47061426710594984,0
nurse,61800,0.6,0,0.4699219216957261,0
nurse,61920,0.8,0,0.4689750743816727,0
nurse,62040,0.6,0,0.46843783061002847,0
nurse,62160,0.4,0,0.46769816981591117,0
nurse,62280,0.8,0,0.46718277470970976,0
nurse,62400,1.0,1,0.4669778524979226,0
nurse,62520,0.6,0,0.4679790481298114,0
nurse,62640,0.4,0,0.4672997046491888,0
nurse,62760,0.6,0,0.4755895219830469,0
nurse,62880,0.4,0,0.4749317631672031,0
nurse,63000,1.0,0,0.4745195744295729,0
nurse,63120,0.4,0,0.47376644580457,0
nurse,63240,0.8,0,0.47340931118638896,0
nurse,63360,0.2,0,0.47358345705078975,0
nurse,63480,0.0,0,0.4725506561911238,0
nurse,63600,0.6,0,0.4717863440877977,0
nurse,63720,0.2,0,0.4711122798615571,0
nurse,63840,0.4,0,0.4703078899827076,0
nurse,63960,0.6,0,0.4693397886389719,0
nurse,64080,0.6,0,0.46969444916228714,0
nurse,64200,0.6,0,0.46897081810115093,0
nurse,64320,0.6,0,0.4682157033978914,0
nurse,64440,0.4,0,0.4675253743106849,0
nurse,64560,0.6,0,0.47108780281088375,0
nurse,64680,0.6,0,0.4703091929507043,0
nurse,64800,0.6,0,0.47442612896107267,0
nurse,64920,0.2,0,0.47370283019146486,0
nurse,65040,0.8,0,0.47295293530684607,0
nurse,65160,0.2,0,0.47236247994236435,0
nurse,65280,0.8,0,0.4749012093205628,0
nurse,65400,0.6,0,0.47409556049529916,0
nurse,65520,0.4,0,0.47323539316449414,0
nurse,65640,0.0,0,0.4808498079740493,0
nurse,65760,1.0,0,0.48071394828989467,0
nurse,65880,0.2,0,0.48055814220229714,0
nurse,66000,0.6,0,0.4811889954300423,0
nurse,66120,0.6,0,0.48149411118818564,0
nurse,66240,0.2,0,0.4814977385643737,0
nurse,66360,0.0,0,0.4808361430098614,0
nurse,66480,0.2,0,0.48567526343128364,0
nurse,66600,0.6,0,0.48507639434791844,0
nurse,66720,0.6,0,0.48424060233103944,0
nurse,66840,0.4,0,0.48431435801175876,0
nurse,66960,0.8,0,0.48351954817797105,0
nurse,67080,0.2,0,0.48263371956302414,0
nurse,67200,0.6,0,0.48186992628686554,0
nurse,67320,0.2,0,0.4811602504013178,0
nurse,67440,0.2,0,0.48067886361595885,0
nurse,67560,0.0,0,0.4799444852839565,0
nurse,67680,0.0,0,0.4796175191539318,0
nurse,67800,0.0,0,0.4785504544157673,0
nurse,67920,0.2,0,0.4778230890577168,0
nurse,68040,0.6,0,0.4784024705745514,0
nurse,68160,0.0,0,0.47781694476256464,0
nurse,68280,0.4,0,0.47728504421048357,0
nurse,68400,1.0,0,0.47766909812658936,0
nurse,68520,0.2,0,0.4769767036549035,0
nurse,68640,0.2,0,0.47620986438230284,0
nurse,68760,0.2,0,0.47560718773198923,0
nurse,68880,0.4,0,0.4750694996788244,0
nurse,69000,0.8,0,0.47430365558929655,0
nurse,69120,0.6,0,0.4736626899744216,0
nurse,69240,0.8,0,0.47296748059055427,0
nurse,69360,0.6,0,0.4745256206122404,0
nurse,69480,0.6,0,0.47382032900211535,0
nurse,69600,0.4,0,0.4735481421395862,0
nurse,69720,1.0,1,0.4729348047124147,0
nurse,69840,0.8,0,0.47252223938555943,0
nurse,69960,0.8,0,0.47185138607278543,0
nurse,70080,0.4,0,0.4713695499719565,0
nurse,70200,0.8,0,0.47030302678998465,0
nurse,70320,0.4,0,0.4695322996326096,0
nurse,70440,1.0,0,0.46951070253863986,0
nurse,70560,0.8,0,0.46915602730478073,0
nurse,70680,0.6,0,0.46909601522141187,0
nurse,70800,1.0,0,0.4687197262186572,0
nurse,70920,1.0,2,0.47153298384666475,0
nurse,71040,0.0,0,0.47118881491455555,0
nurse,71160,0.4,0,0.4720996949500689,0
nurse,71280,0.6,0,0.4714537660820751,0
nurse,71400,1.0,2,0.4721874647723492,0
nurse,71520,0.6,0,0.47483011048927365,0
nurse,71640,0.4,0,0.47411978600974347,0
nurse,71760,1.0,2,0.475075926220956,0
nurse,71880,0.6,0,0.4752563397844502,0
nurse,72000,0.2,0,0.4747306500420493,0
nurse,72120,0.2,0,0.4740253329479462,0
nurse,72240,0.0,0,0.4743557639339028,0
nurse,72360,0.4,0,0.4742308956638692,0
nurse,72480,0.0,0,0.4748518611421154,0
nurse,72600,1.0,1,0.47609058715611363,0
nurse,72720,0.4,0,0.47588658927440874,0
nurse,72840,1.0,2,0.47681936522352497,0
nurse,72960,0.6,0,0.47678264732346576,0
nurse,73080,0.2,0,0.47597383834612234,0
nurse,73200,1.0,1,0.47563503756699094,0
nurse,73320,0.6,0,0.4772130064921406,0
nurse,73440,0.6,0,0.4779001030527752,0
nurse,73560,0.6,0,0.4900472626096436,0
nurse,73680,0.2,0,0.4894391899758549,0
nurse,73800,0.2,0,0.48883429468464334,0
nurse,73920,0.2,0,0.488361940309277,0
nurse,74040,0.8,0,0.48861058691903825,0
nurse,74160,0.2,0,0.4878263002626675,0
nurse,74280,0.8,0,0.4871952267277735,0
nurse,74400,0.6,0,0.4865437633870257,0
nurse,74520,0.6,0,0.492154033634725,0
nurse,74640,1.0,0,0.4914477050902007,0
nurse,74760,0.4,0,0.4910415459897428,0
nurse,74880,0.8,0,0.49054382561290905,0
nurse,75000,0.4,0,0.4907488539439077,0
nurse,75120,0.6,0,0.4909225537313183,0
nurse,75240,0.6,0,0.49009490915414106,0
nurse,75360,0.0,0,0.4894635832380244,0
nurse,75480,1.0,0,0.4888954045554083,0
nurse,75600,0.8,0,0.4905968954485665,0
nurse,75720,1.0,2,0.4904100112098335,0
nurse,75840,1.0,0,0.49008916872029223,0
nurse,75960,0.6,0,0.4892532216354663,0
nurse,76080,0.4,0,0.4886415276721796,0
nurse,76200,1.0,0,0.49022889811560116,0
nurse,76320,0.2,0,0.4915716451356391,0
nurse,76440,0.2,0,0.4909345972310002,0
nurse,76560,0.6,0,0.49029919834247393,0
nurse,76680,0.4,0,0.48960643249822516,0
nurse,76800,0.8,0,0.4911211569803336,0
nurse,76920,1.0,1,0.4904074206678873,0
nurse,77040,0.6,0,0.4919795527784956,0
nurse,77160,0.6,0,0.49184626116851615,0
nurse,77280,0.2,0,0.4912166898957082,0
nurse,77400,1.0,1,0.4911352042132847,0
nurse,77520,0.0,0,0.49095696646146386,0
nurse,77640,0.0,0,0.4902787461963743,0
nurse,77760,1.0,3,0.5007072161955542,0
nurse,77880,0.0,0,0.5005601125842309,0
nurse,78000,0.6,0,0.500008437364308,0
nurse,78120,0.2,0,0.49927313083877234,0
nurse,78240,1.0,1,0.4994913971313534,0
nurse,78360,0.2,0,0.5001797507636133,0
nurse,78480,0.4,0,0.5002012291521756,0
nurse,78600,0.2,0,0.4995441350962043,0
nurse,78720,0.6,0,0.4987144110948868,0
nurse,78840,0.2,0,0.49857514784025087,0
nurse,78960,1.0,4,0.49789629732903545,0
nurse,79080,0.0,0,0.49906621941065443,0
nurse,79200,0.2,0,0.49936711205110706,0
nurse,79320,0.6,0,0.49859417513910465,0
nurse,79440,0.4,0,0.4984547601421003,0
nurse,79560,0.4,0,0.49804720587214824,0
nurse,79680,0.8,0,0.49737855316673585,0
nurse,79800,0.2,0,0.4984734914749408,0
nurse,79920,0.6,0,0.49788439852015437,0
nurse,80040,0.8,0,0.49741975851099884,0
nurse,80160,0.4,0,0.49693474103167196,0
nurse,80280,1.0,1,0.4961745645218285,0
nurse,80400,0.2,0,0.49876607792801014,0
nurse,80520,0.2,0,0.49820175188549026,0
nurse,80640,0.6,0,0.4976387014067244,0
nurse,80760,0.8,0,0.49716011675346267,0
nurse,80880,0.6,0,0.4965997304420033,0
nurse,81000,0.4,0,0.49597694768402806,0
nurse,81120,0.8,0,0.49519086621916214,0
nurse,81240,1.0,1,0.4944610800785878,0
nurse,81360,0.6,0,0.4941740090608638,0
nurse,81480,0.6,0,0.49345307829487356,0
nurse,81600,0.0,0,0.4931691074030058,0
nurse,81720,0.2,0,0.4926904186309573,0
nurse,81840,0.2,0,0.49522579305538017,0
nurse,81960,0.2,0,0.49457878364802055,0
nurse,38880,0.2,0,0.5816368952338071,1
nurse,39000,0.8,0,0.5803857265018634,1
nurse,39120,0.8,0,0.5795593645179797,1
nurse,39240,0.6,0,0.5779613147996397,1
nurse,39360,0.0,0,0.5764307592705308,1
nurse,39480,0.6,0,0.5747915086855648,1
nurse,39600,0.6,0,0.573480879323867,1
nurse,39720,0.2,0,0.5733501625154309,1
nurse,39840,0.6,0,0.5732776693063876,1
nurse,39960,0.4,0,0.5714992577346252,1
nurse,40080,0.2,0,0.5698427381469886,1
nurse,40200,0.6,0,0.5728596454409128,1
nurse,40320,0.4,0,0.5722048905321431,1
nurse,40440,0.0,0,0.570675233894087,1
nurse,40560,0.4,0,0.5692661592424967,1
nurse,40680,0.0,0,0.5675844276051482,1
nurse,40800,0.6,0,0.5661349437511322,1
nurse,40920,0.4,0,0.5647441326159414,1
nurse,41040,0.8,0,0.5679035786169156,1
nurse,41160,0.0,0,0.566521549076818,1
nurse,41280,0.4,0,0.5650913558273762,1
nurse,41400,1.0,0,0.5638793348798109,1
nurse,41520,0.4,0,0.5634032657058051,1
nurse,41640,0.4,0,0.5620480187470206,1
nurse,41760,0.8,0,0.5608647155397225,1
nurse,41880,0.8,0,0.559350441627916,1
nurse,42000,1.0,0,0.558145240798657,1
nurse,42120,0.2,0,0.5570289503170595,1
nurse,42240,0.4,0,0.555758644843132,1
nurse,42360,0.6,0,0.5542839251638665,1
nurse,42480,0.2,0,0.554346295181746,1
nurse,42600,0.4,0,0.5531895436123626,1
nurse,42720,0.2,0,0.551734465432828,1
nurse,42840,1.0,0,0.5522818059170718,1
nurse,42960,0.4,0,0.5513548596901477,1
nurse,43080,0.2,0,0.5499918955058883,1
nurse,43200,0.0,0,0.5493599150930994,1
nurse,43320,0.6,0,0.5482386683974835,1
nurse,43440,0.8,0,0.5478109477176536,1
nurse,43560,0.4,0,0.5466481891538382,1
nurse,43680,1.0,3,0.5461320976151823,1
nurse,43800,0.4,0,0.5501778573334244,1
nurse,43920,1.0,0,0.5486687290788753,1
nurse,44040,0.4,0,0.554751624802879,1
nurse,44160,0.4,0,0.5532235774976605,1
nurse,44280,1.0,0,0.5526141360320529,1
nurse,44400,0.2,0,0.554152547978532,1
nurse,44520,0.4,0,0.5528521900139615,1
nurse,44640,0.2,0,0.5566001060493146,1
nurse,44760,0.4,0,0.5602542184545213,1
nurse,44880,1.0,1,0.5599822390467178,1
nurse,45000,0.4,0,0.5643791543459562,1
nurse,45120,0.0,0,0.5630796131990408,1
nurse,45240,1.0,0,0.5615304946323767,1
nurse,45360,0.2,0,0.5604362810910205,1
nurse,45480,0.4,0,0.5594185860997963,1
nurse,45600,0.4,0,0.5587711739247655,1
nurse,45720,0.2,0,0.5573956162608046,1
nurse,45840,0.2,0,0.555868858777806,1
nurse,45960,0.6,0,0.5546048575246816,1
nurse,46080,1.0,0,0.5533948809614458,1
nurse,46200,0.2,0,0.552014389520203,1
nurse,46320,0.4,0,0.5506246493260815,1
nurse,46440,0.4,0,0.5494798003627422,1
nurse,46560,0.6,0,0.5482739706531315,1
nurse,46680,0.6,0,0.5468103959445938,1
nurse,46800,0.4,0,0.5452609589648435,1
nurse,46920,0.4,0,0.5444736495429993,1
nurse,47040,0.4,0,0.5431859587773396,1
nurse,47160,0.6,0,0.5423515717438874,1
nurse,47280,1.0,0,0.5448652097374823,1
nurse,47400,0.4,0,0.5488702585903461,1
nurse,47520,0.4,0,0.5477078904018872,1
nurse,47640,0.4,0,0.5472810181693012,1
nurse,47760,0.6,0,0.546090094423808,1
nurse,47880,0.0,0,0.5448091840789562,1
nurse,48000,1.0,1,0.5486162466899095,1
nurse,48120,0.4,0,0.5494529172425662,1
nurse,48240,0.2,0,0.5486089836326702,1
nurse,48360,0.0,0,0.5474670949813657,1
nurse,48480,0.6,0,0.5464661578842502,1
nurse,48600,0.6,0,0.5456262173736695,1
nurse,48720,1.0,1,0.5502130797524108,1
nurse,48840,0.2,0,0.5575356354629538,1
nurse,48960,1.0,1,0.5569081600378423,1
nurse,49080,0.0,0,0.563434398151792,1
nurse,49200,1.0,0,0.5621457065043282,1
nurse,49320,0.2,0,0.561046753016114,1
nurse,49440,0.4,0,0.5611567247294726,1
nurse,49560,0.8,0,0.5661004842337887,1
nurse,49680,0.6,0,0.5647277866483527,1
nurse,49800,0.4,0,0.5642207876127803,1
nurse,49920,0.6,0,0.5629949115955963,1
nurse,50040,0.4,0,0.5671002125971425,1
nurse,50160,1.0,1,0.5712161037604062,1
nurse,50280,0.4,0,0.5702114743042218,1
nurse,50400,0.2,0,0.568985408380338,1
nurse,50520,0.6,0,0.568145223822289,1
nurse,50640,0.4,0,0.566839142847985,1
nurse,50760,0.8,0,0.569805541220312,1
nurse,50880,1.0,0,0.5685320298782265,1
nurse,51000,1.0,0,0.5675129080615798,1
nurse,51120,0.8,0,0.5674090110355592,1
nurse,51240,0.4,0,0.5665206299316989,1
nurse,51360,0.6,0,0.5652090527958018,1
nurse,51480,0.6,0,0.5637351368039694,1
nurse,51600,0.2,0,0.5623955392054608,1
nurse,51720,0.6,0,0.5612723228126559,1
nurse,51840,1.0,1,0.5609302495598217,1
nurse,51960,0.8,0,0.5623495970821676,1
nurse,52080,0.8,0,0.5612952230756518,1
nurse,52200,0.6,0,0.5604462908415697,1
nurse,52320,0.8,0,0.5587734053555128,1
nurse,52440,0.0,0,0.5581706904612713,1
nurse,52560,0.6,0,0.5573186872360693,1
nurse,52680,0.2,0,0.5567560253131029,1
nurse,52800,0.6,0,0.5558078394083548,1
nurse,52920,0.6,0,0.5545450224451427,1
nurse,53040,0.0,0,0.5534970501448078,1
nurse,53160,0.6,0,0.5525070558999982,1
nurse,53280,0.6,0,0.5536982014873627,1
nurse,53400,0.8,0,0.5526987133186855,1
nurse,53520,0.8,0,0.551302368354837,1
nurse,53640,0.8,0,0.5523211467785131,1
nurse,53760,1.0,1,0.5547482152292837,1
nurse,53880,0.4,0,0.5540696118779165,1
nurse,54000,0.4,0,0.5529605689895851,1
nurse,54120,0.4,0,0.5547300810537856,1
nurse,54240,0.0,0,0.5538701613887579,1
nurse,54360,0.0,0,0.5531161734561233,1
nurse,54480,0.4,0,0.552641953381989,1
nurse,54600,1.0,2,0.551722339526818,1
nurse,54720,0.6,0,0.5551102513530441,1
nurse,54840,0.2,0,0.5542803029146602,1
nurse,54960,0.2,0,0.5532676483187298,1
nurse,55080,0.2,0,0.5533648775570191,1
nurse,55200,0.2,0,0.5522810290482022,1
nurse,55320,0.2,0,0.5515208624622914,1
nurse,55440,0.8,0,0.5506034559506382,1
nurse,55560,0.8,0,0.5537134776513063,1
nurse,55680,0.4,0,0.5525400338312109,1
nurse,55800,0.0,0,0.551437316772768,1
nurse,55920,0.4,0,0.5502484402591132,1
nurse,56040,0.2,0,0.5494857054645024,1
nurse,56160,0.8,0,0.5535198992053824,1
nurse,56280,0.6,0,0.5529873917011737,1
nurse,56400,0.2,0,0.552300008190519,1
nurse,56520,0.2,0,0.5513993487897545,1
nurse,56640,0.4,0,0.5503068507876238,1
nurse,56760,0.6,0,0.5505595127822335,1
nurse,56880,0.0,0,0.549390159783384,1
nurse,57000,0.6,0,0.5484632449268075,1
nurse,57120,0.4,0,0.5672924801433695,1
nurse,57240,0.2,0,0.567541551825595,1
nurse,57360,1.0,0,0.5697841794267291,1
nurse,57480,0.8,0,0.5686737982307415,1
nurse,57600,0.8,0,0.567883314774763,1
nurse,57720,0.2,0,0.5665193538536285,1
nurse,57840,0.6,0,0.5678923222725565,1
nurse,57960,0.4,0,0.5670284446332877,1
nurse,58080,0.8,0,0.5665949407727712,1
nurse,58200,0.8,0,0.5660781895298022,1
nurse,58320,1.0,1,0.5650824846380831,1
nurse,58440,0.6,0,0.565595444765,1
nurse,58560,0.6,0,0.5658643245785554,1
nurse,58680,0.8,0,0.5658852792743609,1
nurse,58800,0.6,0,0.5655355499814652,1
nurse,58920,1.0,2,0.5684705999659782,1
nurse,59040,0.4,0,0.5737401470473146,1
nurse,59160,0.4,0,0.5726155465563129,1
nurse,59280,0.2,0,0.5715760919124685,1
nurse,59400,0.2,0,0.5707036039009582,1
nurse,59520,0.0,0,0.5712827490552775,1
nurse,59640,0.2,0,0.5701718257184168,1
nurse,59760,0.2,0,0.5691794923983364,1
nurse,59880,0.6,0,0.5681947547110661,1
nurse,60000,0.8,0,0.5671367931008012,1
nurse,60120,0.4,0,0.5677086404122142,1
nurse,60240,0.2,0,0.5666214408051435,1
nurse,60360,0.0,0,0.5656942924552388,1
nurse,60480,1.0,0,0.5656643826571771,1
nurse,60600,0.8,0,0.564979624502368,1
nurse,60720,0.4,0,0.563936951849714,1
nurse,60840,0.2,0,0.5629436380466978,1
nurse,60960,0.4,0,0.5629436999015689,1
nurse,61080,0.2,0,0.5617269627980351,1
nurse,61200,0.8,0,0.5610142774672374,1
nurse,61320,0.2,0,0.560258131853083,1
nurse,61440,0.0,0,0.5592354257903606,1
nurse,61560,0.4,0,0.55858083886981,1
nurse,61680,0.4,0,0.5576951285392184,1
nurse,61800,0.4,0,0.5566538085932778,1
nurse,61920,0.6,0,0.5555738361262403,1
nurse,62040,0.2,0,0.5549278617673312,1
nurse,62160,0.2,0,0.5544266052166243,1
nurse,62280,0.4,0,0.5533548228723375,1
nurse,62400,0.2,0,0.5528059573075782,1
nurse,62520,0.6,0,0.5519524215243496,1
nurse,62640,0.0,0,0.5537891663661867,1
nurse,62760,1.0,0,0.5529216516908454,1
nurse,62880,0.8,0,0.5526075755357454,1
nurse,63000,0.2,0,0.552328991511144,1
nurse,63120,0.6,0,0.551207084203263,1
nurse,63240,0.8,0,0.5504733061513919,1
nurse,63360,0.8,0,0.5496590531199429,1
nurse,63480,0.2,0,0.5491190260776067,1
nurse,63600,0.4,0,0.5490734615236125,1
nurse,63720,0.6,0,0.5480856769817989,1
nurse,63840,0.6,0,0.5475881976438925,1
nurse,63960,0.2,0,0.5526223098715097,1
nurse,64080,0.4,0,0.5521395821885788,1
nurse,64200,0.6,0,0.5518641305203648,1
nurse,64320,0.4,0,0.5510816574411765,1
nurse,64440,0.4,0,0.5502920929908466,1
nurse,64560,0.0,0,0.5492945177762707,1
nurse,64680,0.6,0,0.5497822332024338,1
nurse,64800,0.8,0,0.5489931696999674,1
nurse,64920,0.8,0,0.5483469700285512,1
nurse,65040,1.0,0,0.553514745427525,1
nurse,65160,0.4,0,0.5527311162791299,1
nurse,65280,0.4,0,0.5524313813130366,1
nurse,65400,0.4,0,0.5515228442467738,1
nurse,65520,1.0,0,0.5509765469060942,1
nurse,65640,0.4,0,0.5511706975934632,1
nurse,65760,0.4,0,0.5511470730422068,1
nurse,65880,0.2,0,0.5501413913810388,1
nurse,66000,0.2,0,0.5493624486889181,1
nurse,66120,0.6,0,0.5485629884191793,1
nurse,66240,0.6,0,0.5476332206421974,1
nurse,66360,0.8,0,0.5472786626515852,1
nurse,66480,0.6,0,0.5464105424080481,1
nurse,66600,0.6,0,0.5456435606054729,1
nurse,66720,1.0,0,0.5455826225100292,1
nurse,66840,0.4,0,0.5458367127202994,1
nurse,66960,0.4,0,0.5450874498105117,1
nurse,67080,1.0,0,0.5457352044417647,1
nurse,67200,0.2,0,0.5448966566156069,1
nurse,67320,0.6,0,0.5441179547126193,1
nurse,67440,0.2,0,0.5432449470878952,1
nurse,67560,0.6,0,0.5430014001373985,1
nurse,67680,0.4,0,0.5421012233037485,1
nurse,67800,0.0,0,0.5414283230974959,1
nurse,67920,0.2,0,0.5410163619360342,1
nurse,68040,0.6,0,0.5401634532135442,1
nurse,68160,0.2,0,0.5393380976785445,1
nurse,68280,0.6,0,0.5386189204909709,1
nurse,68400,0.2,0,0.5382229973916408,1
nurse,68520,0.2,0,0.5421963886629555,1
nurse,68640,1.0,0,0.5423075441801009,1
nurse,68760,0.4,0,0.541988599203839,1
nurse,68880,0.4,0,0.5412013690631694,1
nurse,69000,0.2,0,0.541657523956487,1
nurse,69120,1.0,0,0.5480942462684387,1
nurse,69240,0.6,0,0.5481317346942286,1
nurse,69360,0.6,0,0.547182260010885,1
nurse,69480,0.4,0,0.5462848814425532,1
nurse,69600,0.4,0,0.5459155061343788,1
nurse,69720,0.2,0,0.5469184366539037,1
nurse,69840,0.6,0,0.54600910087458,1
nurse,69960,0.8,0,0.5501712814102173,1
nurse,70080,0.4,0,0.550034785175222,1
nurse,70200,1.0,0,0.5495040933895423,1
nurse,70320,1.0,0,0.549953306334276,1
nurse,70440,0.4,0,0.5492659037583226,1
nurse,70560,0.4,0,0.5483935091071666,1
nurse,70680,0.0,0,0.5479426264194229,1
nurse,70800,1.0,0,0.546863379150325,1
nurse,70920,1.0,0,0.5482925389644918,1
nurse,71040,1.0,2,0.5534568083187718,1
nurse,71160,0.6,0,0.5557619423066557,1
nurse,71280,0.4,0,0.5548579602366074,1
nurse,71400,0.4,0,0.5553270121282728,1
nurse,71520,0.6,0,0.5546440294434101,1
nurse,71640,1.0,0,0.5553745784292364,1
nurse,71760,0.4,0,0.5544352501188518,1
nurse,71880,0.4,0,0.5537876894818942,1
nurse,72000,0.6,0,0.5528038339376227,1
nurse,72120,0.8,0,0.5520457700308679,1
nurse,72240,0.6,0,0.5542584025580202,1
nurse,72360,0.8,0,0.5531872831228966,1
nurse,72480,0.4,0,0.5523942705319941,1
nurse,72600,0.8,0,0.5517769020778781,1
nurse,72720,0.6,0,0.5510721458341898,1
nurse,72840,0.2,0,0.5501685415574645,1
nurse,72960,0.8,0,0.5493248634171715,1
nurse,73080,0.4,0,0.5506288887724434,1
nurse,73200,0.0,0,0.5516817066971255,1
nurse,73320,0.6,0,0.5506647704287152,1
nurse,73440,0.4,0,0.5507580411840217,1
nurse,73560,1.0,3,0.5503446724514699,1
nurse,73680,0.0,0,0.5514801096018332,1
nurse,73800,0.8,0,0.550494897192952,1
nurse,73920,0.4,0,0.5496914287771345,1
nurse,74040,0.6,0,0.5485477868015262,1
nurse,74160,0.2,0,0.5478976035511821,1
nurse,74280,0.4,0,0.5470428950787246,1
nurse,74400,0.4,0,0.5465455935636576,1
nurse,74520,1.0,0,0.5457052052038133,1
nurse,74640,0.2,0,0.545067546970485,1
nurse,74760,1.0,1,0.546087069364027,1
nurse,74880,0.0,0,0.5458973193620736,1
nurse,75000,0.4,0,0.5456246611631018,1
nurse,75120,0.6,0,0.5446156948027983,1
nurse,75240,0.6,0,0.5438063731036963,1
nurse,75360,0.2,0,0.5432873638398645,1
nurse,75480,1.0,0,0.5423711924176159,1
nurse,75600,0.4,0,0.5417117222640102,1
nurse,75720,0.4,0,0.5418984381782914,1
nurse,75840,0.2,0,0.541101819802498,1
nurse,75960,0.4,0,0.5401781802883749,1
nurse,76080,1.0,0,0.5400414053862092,1
nurse,76200,1.0,0,0.5391958113704395,1
nurse,76320,0.2,0,0.5388952537898248,1
nurse,76440,0.8,0,0.5381627912147536,1
nurse,76560,0.8,0,0.5392422098857398,1
nurse,76680,0.4,0,0.5387754914786776,1
nurse,76800,0.8,0,0.5384422104878697,1
nurse,76920,1.0,1,0.538909037357256,1
nurse,77040,0.2,0,0.5386802067603805,1
nurse,77160,0.0,0,0.5378989851418332,1
nurse,77280,0.6,0,0.537332783963877,1
nurse,77400,0.2,0,0.5367219261069524,1
nurse,77520,0.2,0,0.5360543520853028,1
nurse,77640,0.6,0,0.535821408293389,1
nurse,77760,0.8,0,0.5352536226396053,1
nurse,77880,0.0,0,0.5346480075553599,1
nurse,78000,0.6,0,0.5378987155900624,1
nurse,78120,0.2,0,0.5374022446188479,1
nurse,78240,0.6,0,0.5367831971222846,1
nurse,78360,0.6,0,0.5360694626881444,1
nurse,78480,0.4,0,0.5382242295349167,1
nurse,78600,0.6,0,0.5374733014286064,1
nurse,78720,0.6,0,0.5367022653723733,1
nurse,78840,1.0,0,0.535911151938613,1
nurse,78960,0.2,0,0.5353933548428087,1
nurse,79080,1.0,0,0.5353053114084424,1
nurse,79200,0.8,0,0.5344747093414265,1
nurse,79320,1.0,0,0.53412435145442,1
nurse,79440,0.6,0,0.533594678336492,1
nurse,79560,0.4,0,0.5332753830321041,1
nurse,79680,0.2,0,0.5326255297635817,1
nurse,79800,0.6,0,0.5317981343349774,1
nurse,79920,0.8,0,0.5310571639677109,1
nurse,80040,0.6,0,0.5304015443182485,1
nurse,80160,0.2,0,0.5295500465800325,1
nurse,80280,0.4,0,0.5401702410035079,1
nurse,80400,0.2,0,0.5395244262289695,1
nurse,80520,0.8,0,0.5387861069903507,1
nurse,80640,0.0,0,0.5383443855878967,1
nurse,80760,0.2,0,0.539368715006752,1
nurse,80880,0.4,0,0.5387542781347783,1
nurse,81000,0.8,0,0.5382099720800609,1
nurse,81120,0.6,0,0.5374393544642652,1
nurse,81240,0.2,0,0.5368714643590261,1
nurse,81360,0.2,0,0.5360875005631041,1
nurse,81480,0.8,0,0.5376067284613766,1
nurse,81600,0.4,0,0.5378077043222818,1
nurse,81720,0.2,0,0.537201768337202,1
nurse,81840,0.4,0,0.5369151369775941,1
nurse,81960,0.4,0,0.5372234670159957,1
nurse,38880,0.6,0,0.5534141512769254,2
nurse,39000,0.0,0,0.5516178988333853,2
nurse,39120,1.0,1,0.5504016833959986,2
nurse,39240,1.0,3,0.551676659205206,2
nurse,39360,0.6,0,0.5527391339341557,2
nurse,39480,1.0,2,0.5529522269128269,2
nurse,39600,0.8,0,0.5526655825894441,2
nurse,39720,0.4,0,0.5511575990450248,2
nurse,39840,0.2,0,0.5497353980153333,2
nurse,39960,0.2,0,0.5497862323609768,2
nurse,40080,0.6,0,0.5553303665980516,2
nurse,40200,0.4,0,0.5538005308773954,2
nurse,40320,0.2,0,0.552361779727143,2
nurse,40440,0.2,0,0.5506342995716244,2
nurse,40560,0.2,0,0.5509003361845405,2
nurse,40680,0.4,0,0.5489739241298883,2
nurse,40800,0.4,0,0.5472563468327093,2
nurse,40920,1.0,1,0.5461743590939019,2
nurse,41040,1.0,2,0.5491438835737245,2
nurse,41160,0.2,0,0.5482986969529465,2
nurse,41280,1.0,0,0.546985972625823,2
nurse,41400,0.2,0,0.5460131990998867,2
nurse,41520,0.6,0,0.5460646409252142,2
nurse,41640,1.0,2,0.547814956703425,2
nurse,41760,0.4,0,0.5474624754444368,2
nurse,41880,0.8,0,0.5474797275092671,2
nurse,42000,0.8,0,0.5462417857851083,2
nurse,42120,1.0,1,0.550244638849233,2
nurse,42240,1.0,1,0.5489485210435825,2
nurse,42360,0.2,0,0.5481767643936843,2
nurse,42480,0.6,0,0.5476197970197992,2
nurse,42600,0.4,0,0.5464115708152141,2
nurse,42720,0.2,0,0.5460543223443265,2
nurse,42840,0.4,0,0.5449435322295253,2
nurse,42960,0.2,0,0.5464939269913625,2
nurse,43080,1.0,0,0.5448363626907453,2
nurse,43200,0.8,0,0.543577644005127,2
nurse,43320,0.6,0,0.5434214716924827,2
nurse,43440,1.0,0,0.5435131844102521,2
nurse,43560,0.2,0,0.5434049670921026,2
nurse,43680,0.2,0,0.5422073651587073,2
nurse,43800,0.0,0,0.5412993513961344,2
nurse,43920,0.6,0,0.5400788892943215,2
nurse,44040,0.2,0,0.5387669567697196,2
nurse,44160,0.8,0,0.5378122134251873,2
nurse,44280,0.4,0,0.5364853674410631,2
nurse,44400,1.0,0,0.5370151784880078,2
nurse,44520,0.2,0,0.5358866588837543,2
nurse,44640,0.6,0,0.5369734479613775,2
nurse,44760,1.0,4,0.5439425626844752,2
nurse,44880,1.0,3,0.545842886402257,2
nurse,45000,0.4,0,0.5499861904318,2
nurse,45120,0.6,0,0.5487911312644274,2
nurse,45240,1.0,0,0.547475382329512,2
nurse,45360,0.2,0,0.5462861126739296,2
nurse,45480,0.6,0,0.545498480768941,2
nurse,45600,0.6,0,0.5444071991252353,2
nurse,45720,0.0,0,0.5434978114663686,2
nurse,45840,0.8,0,0.5419912557889625,2
nurse,45960,0.6,0,0.5489583776122435,2
nurse,46080,1.0,1,0.5485701150208712,2
nurse,46200,1.0,0,0.550294399345591,2
nurse,46320,0.0,0,0.5499067796260333,2
nurse,46440,0.6,0,0.5487786692994222,2
nurse,46560,0.6,0,0.5500989156781412,2
nurse,46680,0.6,0,0.5493851845331907,2
nurse,46800,0.4,0,0.5497960816518285,2
nurse,46920,0.2,0,0.549929213133674,2
nurse,47040,0.2,0,0.5486771607890741,2
nurse,47160,0.2,0,0.5474264572475432,2
nurse,47280,0.8,0,0.5487443104780375,2
nurse,47400,0.2,0,0.5473620614414213,2
nurse,47520,0.4,0,0.5459925149991157,2
nurse,47640,0.2,0,0.5446751189649218,2
nurse,47760,0.4,0,0.546060706027,2
nurse,47880,1.0,2,0.5499133496436772,2
nurse,48000,0.2,0,0.5505389403817127,2
nurse,48120,0.2,0,0.5494510083463765,2
nurse,48240,0.8,0,0.5526837916368211,2
nurse,48360,0.4,0,0.5514165834673294,2
nurse,48480,1.0,0,0.5497370900879677,2
nurse,48600,0.6,0,0.5484387453031686,2
nurse,48720,0.6,0,0.5474722326681208,2
nurse,48840,0.4,0,0.5468716823434372,2
nurse,48960,0.8,0,0.5454566347300315,2
nurse,49080,0.8,0,0.5440120491372786,2
nurse,49200,0.4,0,0.5425029007455741,2
nurse,49320,0.2,0,0.5420360795669268,2
nurse,49440,0.6,0,0.5404322942855218,2
nurse,49560,0.6,0,0.5392679412735755,2
nurse,49680,0.6,0,0.5382145505093575,2
nurse,49800,0.4,0,0.5372043986425565,2
nurse,49920,0.6,0,0.5360295359379211,2
nurse,50040,0.0,0,0.5347053440239755,2
nurse,50160,0.4,0,0.5333980990977337,2
nurse,50280,0.2,0,0.5324323306745858,2
nurse,50400,1.0,3,0.5329631518154138,2
nurse,50520,0.0,0,0.5361682297932455,2
nurse,50640,0.2,0,0.5354778084500309,2
nurse,50760,0.6,0,0.5356430649792003,2
nurse,50880,0.0,0,0.5343112407306118,2
nurse,51000,0.4,0,0.5359293268764892,2
nurse,51120,0.0,0,0.5347542236583738,2
nurse,51240,0.4,0,0.5335992469334099,2
nurse,51360,0.4,0,0.5374818222796262,2
nurse,51480,1.0,3,0.5423881345601284,2
nurse,51600,0.0,0,0.5430716275707931,2
nurse,51720,0.2,0,0.5423475795940012,2
nurse,51840,0.0,0,0.5550340397091832,2
nurse,51960,0.4,0,0.553700862331561,2
nurse,52080,0.4,0,0.5599569642527531,2
nurse,52200,0.6,0,0.5591205813108966,2
nurse,52320,0.6,0,0.5586561553164199,2
nurse,52440,0.2,0,0.5582812670789645,2
nurse,52560,0.8,0,0.5570584578106824,2
nurse,52680,0.4,0,0.556490390859815,2
nurse,52800,0.0,0,0.5553778000197755,2
nurse,52920,0.6,0,0.5544267197286894,2
nurse,53040,0.2,0,0.5564520870588554,2
nurse,53160,0.6,0,0.5603762410532637,2
nurse,53280,1.0,0,0.5602672774267604,2
nurse,53400,0.6,0,0.5593293254655951,2
nurse,53520,0.4,0,0.5584699717830275,2
nurse,53640,0.6,0,0.5591360456072101,2
nurse,53760,0.6,0,0.5620906907452677,2
nurse,53880,0.6,0,0.5609774765847655,2
nurse,54000,0.4,0,0.5615594065669022,2
nurse,54120,0.2,0,0.5604111474770886,2
nurse,54240,0.2,0,0.5598296213391949,2
nurse,54360,1.0,4,0.5610214377771799,2
nurse,54480,0.8,0,0.5644611158295875,2
nurse,54600,0.6,0,0.5632355362193326,2
nurse,54720,0.4,0,0.5625590946259084,2
nurse,54840,0.8,0,0.561307261440397,2
nurse,54960,0.6,0,0.560868738328501,2
nurse,55080,0.2,0,0.5597214574522301,2
nurse,55200,0.6,0,0.5592955196885648,2
nurse,55320,0.4,0,0.5581765290096593,2
nurse,55440,0.2,0,0.5576419175727513,2
nurse,55560,0.4,0,0.5565461589117305,2
nurse,55680,1.0,0,0.557385974526754,2
nurse,55800,0.4,0,0.5562009713919088,2
nurse,55920,0.2,0,0.5554871682735101,2
nurse,56040,0.0,0,0.5545185652280515,2
nurse,56160,0.4,0,0.5533850600196487,2
nurse,56280,0.2,0,0.5563661875924595,2
nurse,56400,0.2,0,0.5555927237191108,2
nurse,56520,0.0,0,0.5546976734532609,2
nurse,56640,0.2,0,0.5537667774206143,2
nurse,56760,0.8,0,0.5527618261947516,2
nurse,56880,0.0,0,0.5519143274020631,2
nurse,57000,0.8,0,0.5507245260008491,2
nurse,57120,0.4,0,0.5520461564526832,2
nurse,57240,0.2,0,0.5508610158120989,2
nurse,57360,1.0,0,0.5498017582213613,2
nurse,57480,0.4,0,0.5513341190199571,2
nurse,57600,1.0,0,0.5500378354254359,2
nurse,57720,0.4,0,0.5518119165068679,2
nurse,57840,0.8,0,0.5508403909556856,2
nurse,57960,0.4,0,0.5500496569198616,2
nurse,58080,0.4,0,0.5491112618452747,2
nurse,58200,0.0,0,0.5484375975382126,2
nurse,58320,0.4,0,0.5475749475370169,2
nurse,58440,0.4,0,0.5480838311168171,2
nurse,58560,1.0,1,0.5469947300727914,2
nurse,58680,0.6,0,0.5474247388758336,2
nurse,58800,0.4,0,0.5464278099705561,2
nurse,58920,0.6,0,0.5451042060707485,2
nurse,59040,1.0,0,0.5525584063268236,2
nurse,59160,0.6,0,0.5515431967069505,2
nurse,59280,0.2,0,0.5508416757043108,2
nurse,59400,0.6,0,0.5499213360737147,2
nurse,59520,0.4,0,0.5487843771956115,2
nurse,59640,0.4,0,0.5478708936461147,2
nurse,59760,0.6,0,0.5466081262247792,2
nurse,59880,0.4,0,0.5455573748221199,2
nurse,60000,1.0,0,0.5449736137356311,2
nurse,60120,1.0,1,0.5442067575789903,2
nurse,60240,0.2,0,0.544098593641112,2
nurse,60360,0.2,0,0.5432750698418394,2
nurse,60480,1.0,1,0.5432070259275075,2
nurse,60600,0.4,0,0.5441789068093045,2
nurse,60720,0.6,0,0.5432177115663468,2
nurse,60840,0.2,0,0.5424015898493159,2
nurse,60960,0.2,0,0.541340761392736,2
nurse,61080,1.0,3,0.5404599023042943,2
nurse,61200,0.4,0,0.5416334820157914,2
nurse,61320,0.2,0,0.5410010199544042,2
nurse,61440,0.4,0,0.5398603572515598,2
nurse,61560,0.6,0,0.5392669123066341,2
nurse,61680,0.4,0,0.5383939092048214,2
nurse,61800,0.0,0,0.5373188553442516,2
nurse,61920,1.0,9,0.5445380911112471,2
nurse,62040,0.4,0,0.5588480402345539,2
nurse,62160,0.8,0,0.5590589493600018,2
nurse,62280,0.8,0,0.5583082517751077,2
nurse,62400,0.4,0,0.5581108942692228,2
nurse,62520,0.6,0,0.5572939040344859,2
nurse,62640,0.0,0,0.5567754357254907,2
nurse,62760,0.8,0,0.5588008320204108,2
nurse,62880,0.4,0,0.5581900294106049,2
nurse,63000,0.6,0,0.5581258375601124,2
nurse,63120,0.6,0,0.5573331865691734,2
nurse,63240,0.4,0,0.5597135909029209,2
nurse,63360,0.2,0,0.55872947909474,2
nurse,63480,0.4,0,0.557933071513588,2
nurse,63600,0.8,0,0.5591075738400562,2
nurse,63720,0.6,0,0.5687137423039491,2
nurse,63840,1.0,1,0.5691277441736348,2
nurse,63960,0.0,0,0.5697980294727568,2
nurse,64080,0.6,0,0.569051368711244,2
nurse,64200,0.6,0,0.5680645336856079,2
nurse,64320,1.0,0,0.5675281827124534,2
nurse,64440,1.0,0,0.570974358007415,2
nurse,64560,0.6,0,0.5699196024199626,2
nurse,64680,0.2,0,0.5704816368423747,2
nurse,64800,0.6,0,0.5693985761416199,2
nurse,64920,0.2,0,0.568384508407791,2
nurse,65040,0.2,0,0.5671346249368557,2
nurse,65160,0.6,0,0.5667029554448922,2
nurse,65280,0.2,0,0.5658449805489906,2
nurse,65400,0.2,0,0.5650541179728708,2
nurse,65520,0.6,0,0.564080908543479,2
nurse,65640,1.0,2,0.5632324472271196,2
nurse,65760,0.8,0,0.5632605868063199,2
nurse,65880,0.6,0,0.562241356599179,2
nurse,66000,0.6,0,0.5618888685050981,2
nurse,66120,0.6,0,0.5609432687744728,2
nurse,66240,0.4,0,0.5600541643751639,2
nurse,66360,0.2,0,0.5597891907811752,2
nurse,66480,0.6,0,0.5653998426742278,2
nurse,66600,0.8,0,0.5645227307464515,2
nurse,66720,0.0,0,0.5635811869972914,2
nurse,66840,0.4,0,0.5631202271618431,2
nurse,66960,0.4,0,0.562878875027713,2
nurse,67080,1.0,1,0.5633889108932033,2
nurse,67200,0.8,0,0.5629373881458518,2
nurse,67320,0.6,0,0.5620975986933439,2
nurse,67440,0.4,0,0.5612510679849447,2
nurse,67560,0.8,0,0.562310995414403,2
nurse,67680,0.2,0,0.5619018420175982,2
nurse,67800,0.6,0,0.5609788541273901,2
nurse,67920,0.2,0,0.5600105079864525,2
nurse,68040,0.4,0,0.5590285502309087,2
nurse,68160,0.8,0,0.5582636915772909,2
nurse,68280,0.4,0,0.5575964859267609,2
nurse,68400,0.8,0,0.5584058721442147,2
nurse,68520,0.2,0,0.5578921406365579,2
nurse,68640,0.8,0,0.5570439828002454,2
nurse,68760,0.0,0,0.556123327581878,2
nurse,68880,0.4,0,0.55535219029024,2
nurse,69000,1.0,1,0.5567277318869833,2
nurse,69120,0.6,0,0.5564438651004959,2
nurse,69240,0.2,0,0.5556762680915056,2
nurse,69360,1.0,4,0.5555905194285947,2
nurse,69480,0.8,0,0.5580307707849164,2
nurse,69600,1.0,2,0.5576012087328457,2
nurse,69720,0.4,0,0.5586388902369639,2
nurse,69840,0.8,0,0.5578157533879616,2
nurse,69960,0.0,0,0.5584679772000032,2
nurse,70080,0.4,0,0.5577026891007992,2
nurse,70200,0.6,0,0.5565989223467143,2
nurse,70320,0.8,0,0.5558114309455447,2
nurse,70440,0.2,0,0.5564630968118593,2
nurse,70560,0.8,0,0.5555216410874994,2
nurse,70680,0.8,0,0.5544272944089347,2
nurse,70800,0.6,0,0.55498641632962,2
nurse,70920,0.2,0,0.554124140161581,2
nurse,71040,0.6,0,0.5537986808413425,2
nurse,71160,0.8,0,0.5529513376418462,2
nurse,71280,0.2,0,0.5532320171113689,2
nurse,71400,0.2,0,0.5524305889608842,2
nurse,71520,0.4,0,0.5551020327764739,2
nurse,71640,0.4,0,0.5548567625851836,2
nurse,71760,0.2,0,0.5540721836173262,2
nurse,71880,0.2,0,0.5531609349664394,2
nurse,72000,0.2,0,0.5524583726215152,2
nurse,72120,0.2,0,0.5516346320290617,2
nurse,72240,0.6,0,0.550721149392442,2
nurse,72360,0.2,0,0.5497226987864674,2
nurse,72480,0.4,0,0.5491855119133437,2
nurse,72600,0.4,0,0.5484608719111017,2
nurse,72720,0.2,0,0.5476348024128336,2
nurse,72840,0.2,0,0.5470557210360198,2
nurse,72960,0.4,0,0.5462510081802325,2
nurse,73080,0.6,0,0.5453003347554344,2
nurse,73200,0.2,0,0.5445552453961008,2
nurse,73320,0.2,0,0.5438169254690491,2
nurse,73440,0.4,0,0.5427866346608097,2
nurse,73560,0.8,0,0.5420923394657374,2
nurse,73680,0.6,0,0.5411439493031034,2
nurse,73800,0.8,0,0.5415930474370177,2
nurse,73920,0.6,0,0.5412093747205735,2
nurse,74040,0.2,0,0.5423507315469629,2
nurse,74160,0.4,0,0.5414897929911566,2
nurse,74280,0.8,0,0.5411819800705255,2
nurse,74400,1.0,0,0.5405155245323249,2
nurse,74520,0.8,0,0.5399530292281189,2
nurse,74640,0.4,0,0.5391036043266109,2
nurse,74760,0.6,0,0.5382675926085815,2
nurse,74880,0.2,0,0.5375595828331744,2
nurse,75000,0.4,0,0.5367055454723207,2
nurse,75120,0.6,0,0.5357415801154951,2
nurse,75240,0.2,0,0.5349501829806967,2
nurse,75360,0.8,0,0.5341547539368737,2
nurse,75480,0.6,0,0.5367805631089669,2
nurse,75600,0.0,0,0.5361042331260494,2
nurse,75720,1.0,2,0.535346284403213,2
nurse,75840,0.6,0,0.5349970072802305,2
nurse,75960,0.6,0,0.5345245796112055,2
nurse,76080,0.8,0,0.5337091618284542,2
nurse,76200,0.4,0,0.5347568964648524,2
nurse,76320,0.2,0,0.5340620099108929,2
nurse,76440,0.6,0,0.5332851690692213,2
nurse,76560,0.8,0,0.5329876711286395,2
nurse,76680,0.4,0,0.5320778064994304,2
nurse,76800,0.6,0,0.5323004621833003,2
nurse,76920,0.2,0,0.5316663580885863,2
nurse,77040,0.4,0,0.5317937313068662,2
nurse,77160,0.2,0,0.5318184149995335,2
nurse,77280,0.6,0,0.5310474840766457,2
nurse,77400,0.8,0,0.5302906449519283,2
nurse,77520,0.2,0,0.5296121421562993,2
nurse,77640,0.2,0,0.5288272508990155,2
nurse,77760,0.4,0,0.5282064032255595,2
nurse,77880,0.8,0,0.5276152654955979,2
nurse,78000,0.6,0,0.5268260107510288,2
nurse,78120,0.2,0,0.526225942826674,2
nurse,78240,0.2,0,0.5262184191712578,2
nurse,78360,0.2,0,0.525551847399912,2
nurse,78480,1.0,0,0.5247871630466737,2
nurse,78600,0.8,0,0.5240862352387721,2
nurse,78720,0.6,0,0.5246808513143978,2
nurse,78840,0.4,0,0.5237194749762403,2
nurse,78960,0.2,0,0.5238944844183359,2
nurse,79080,0.8,0,0.523158049579051,2
nurse,79200,0.6,0,0.5223957613996679,2
nurse,79320,1.0,0,0.5218098372774662,2
nurse,79440,0.6,0,0.5215428016653006,2
nurse,79560,0.6,0,0.5209960565157914,2
nurse,79680,0.6,0,0.5208198842695225,2
nurse,79800,0.8,0,0.5205328752146207,2
nurse,79920,0.0,0,0.5205305032659969,2
nurse,80040,0.8,0,0.5231417275896141,2
nurse,80160,0.8,0,0.5222487824556599,2
nurse,80280,0.0,0,0.5240660668235522,2
nurse,80400,1.0,0,0.5234585153046557,2
nurse,80520,0.2,0,0.5228171322475978,2
nurse,80640,0.4,0,0.5221112876157451,2
nurse,80760,0.2,0,0.5215592941803147,2
nurse,80880,0.4,0,0.5209849902263594,2
nurse,81000,0.4,0,0.5203809130448592,2
nurse,81120,1.0,5,0.5206568018581029,2
nurse,81240,0.4,0,0.5256584644363916,2
nurse,81360,0.6,0,0.5278346698660866,2
nurse,81480,0.2,0,0.5273972093850159,2
nurse,81600,0.4,0,0.5265757184046653,2
nurse,81720,0.6,0,0.525910138984222,2
nurse,81840,0.4,0,0.5251697441092017,2
nurse,81960,0.6,0,0.5244314310115107,2
nurse,38880,1.0,1,0.6291518486047792,3
nurse,39000,0.2,0,0.6284776240683178,3
nurse,39120,0.6,0,0.6266081142623907,3
nurse,39240,0.2,0,0.6322919180004197,3
nurse,39360,0.4,0,0.6300394785978736,3
nurse,39480,0.4,0,0.6283800899104991,3
nurse,39600,0.6,0,0.6285414103441619,3
nurse,39720,0.0,0,0.6272726549740688,3
nurse,39840,0.6,0,0.6257568934235879,3
nurse,39960,0.4,0,0.6251587182554974,3
nurse,40080,0.0,0,0.6242428373640837,3
nurse,40200,0.2,0,0.6225607227835062,3
nurse,40320,0.2,0,0.6257102145717947,3
nurse,40440,0.4,0,0.6291824460943151,3
nurse,40560,0.6,0,0.6271905744802455,3
nurse,40680,0.8,0,0.625643178411756,3
nurse,40800,1.0,0,0.6254263606619885,3
nurse,40920,0.6,0,0.6234021286198305,3
nurse,41040,1.0,2,0.6221443448337991,3
nurse,41160,0.8,0,0.6229094778912342,3
nurse,41280,0.6,0,0.6218887117010111,3
nurse,41400,0.0,0,0.6206812780310743,3
nurse,41520,0.4,0,0.6189388039688382,3
nurse,41640,0.4,0,0.6169816746504275,3
nurse,41760,0.6,0,0.6148907753839903,3
nurse,41880,0.6,0,0.6134915760681459,3
nurse,42000,1.0,1,0.6128732919015962,3
nurse,42120,1.0,1,0.6120195642967001,3
nurse,42240,0.4,0,0.6109244267023293,3
nurse,42360,0.6,0,0.6096911551993771,3
nurse,42480,0.8,0,0.6080240246872682,3
nurse,42600,0.6,0,0.6155747535025998,3
nurse,42720,0.4,0,0.6140008558481801,3
nurse,42840,0.6,0,0.6122989452705683,3
nurse,42960,0.2,0,0.6114062500796184,3
nurse,43080,0.8,0,0.616196528593318,3
nurse,43200,0.6,0,0.6168236232473204,3
nurse,43320,0.2,0,0.6156275663601375,3
nurse,43440,0.2,0,0.6147327063719039,3
nurse,43560,0.4,0,0.6136830953092907,3
nurse,43680,0.6,0,0.6124733541819105,3
nurse,43800,0.8,0,0.6113623189915741,3
nurse,43920,0.4,0,0.6099147804892717,3
nurse,44040,0.8,0,0.6088612913229721,3
nurse,44160,0.6,0,0.6085429394294763,3
nurse,44280,0.6,0,0.6228806015860112,3
nurse,44400,0.4,0,0.621421076023535,3
nurse,44520,0.2,0,0.6196920374682862,3
nurse,44640,0.4,0,0.61835829081783,3
nurse,44760,0.4,0,0.6168919707229571,3
nurse,44880,0.4,0,0.6170999925925479,3
nurse,45000,0.4,0,0.6156725370936682,3
nurse,45120,1.0,0,0.6315030766876987,3
nurse,45240,0.2,0,0.6343133641262881,3
nurse,45360,0.0,0,0.632840118115782,3
nurse,45480,0.4,0,0.632927499566323,3
nurse,45600,0.6,0,0.6312636523014274,3
nurse,45720,0.8,0,0.6298887170355524,3
nurse,45840,0.4,0,0.6286256446299886,3
nurse,45960,0.8,0,0.6269857516439974,3
nurse,46080,0.6,0,0.625571416268087,3
nurse,46200,0.0,0,0.6242211056759254,3
nurse,46320,0.8,0,0.6224968868255477,3
nurse,46440,0.6,0,0.6207821669857941,3
nurse,46560,1.0,1,0.6187470424246165,3
nurse,46680,0.4,0,0.6174169469022582,3
nurse,46800,0.4,0,0.6162226682536609,3
nurse,46920,0.4,0,0.6148580664842551,3
nurse,47040,0.4,0,0.6134515965968751,3
nurse,47160,0.0,0,0.6122031578350396,3
nurse,47280,1.0,0,0.6109218009132925,3
nurse,47400,0.6,0,0.6098477267758771,3
nurse,47520,0.0,0,0.60967469128335,3
nurse,47640,0.0,0,0.6085563182559052,3
nurse,47760,0.8,0,0.6070445002463998,3
nurse,47880,1.0,0,0.6054777345036749,3
nurse,48000,1.0,1,0.6045110840217354,3
nurse,48120,0.8,0,0.6031982203133641,3
nurse,48240,0.4,0,0.602396894215306,3
nurse,48360,0.6,0,0.6011988891224018,3
nurse,48480,0.6,0,0.5995909158219405,3
nurse,48600,1.0,1,0.602685665957407,3
nurse,48720,1.0,1,0.602585449002895,3
nurse,48840,0.4,0,0.6016211604311363,3
nurse,48960,0.4,0,0.6004431350078575,3
nurse,49080,0.8,0,0.5991688291136281,3
nurse,49200,0.6,0,0.6019819614703178,3
nurse,49320,0.2,0,0.6011638300435179,3
nurse,49440,0.2,0,0.5999038449494793,3
nurse,49560,0.6,0,0.5997938602332722,3
nurse,49680,0.2,0,0.5984001162085703,3
nurse,49800,0.2,0,0.5970512648589376,3
nurse,49920,0.2,0,0.59606872132743,3
nurse,50040,0.8,0,0.5946345997747937,3
nurse,50160,1.0,1,0.5939700452093509,3
nurse,50280,0.8,0,0.5927815457124204,3
nurse,50400,0.4,0,0.5958930088776918,3
nurse,50520,0.4,0,0.5946626071757527,3
nurse,50640,1.0,0,0.5944518702216617,3
nurse,50760,0.4,0,0.5937509854949444,3
nurse,50880,1.0,1,0.5968584575712104,3
nurse,51000,0.4,0,0.5986839149419031,3
nurse,51120,0.4,0,0.5974642172621903,3
nurse,51240,0.6,0,0.5965993352438402,3
nurse,51360,0.4,0,0.5954509371070784,3
nurse,51480,0.4,0,0.5941519509616456,3
nurse,51600,0.6,0,0.5927682782181565,3
nurse,51720,0.0,0,0.5922169086081558,3
nurse,51840,0.8,0,0.5907059175779973,3
nurse,51960,0.2,0,0.5905581335514001,3
nurse,52080,0.4,0,0.5894669490718223,3
nurse,52200,0.4,0,0.5897931423839142,3
nurse,52320,0.2,0,0.5889682419035137,3
nurse,52440,0.2,0,0.5878478690402525,3
nurse,52560,0.6,0,0.5870970011149572,3
nurse,52680,0.4,0,0.5858906374140364,3
nurse,52800,1.0,0,0.5846892212060788,3
nurse,52920,0.6,0,0.5838233944306257,3
nurse,53040,0.2,0,0.5822516436970968,3
nurse,53160,1.0,1,0.5823898648128015,3
nurse,53280,0.4,0,0.5888534918154262,3
nurse,53400,0.4,0,0.587306552521458,3
nurse,53520,0.6,0,0.5859026040610096,3
nurse,53640,0.0,0,0.5848136548174147,3
nurse,53760,0.2,0,0.583909112502289,3
nurse,53880,0.4,0,0.5826926351845758,3
nurse,54000,0.2,0,0.5824857389156989,3
nurse,54120,0.6,0,0.5823981608289659,3
nurse,54240,0.4,0,0.5817881529495466,3
nurse,54360,0.0,0,0.5816661454838119,3
nurse,54480,1.0,2,0.5827636178851783,3
nurse,54600,0.2,0,0.5820381736979547,3
nurse,54720,0.2,0,0.5939526702634368,3
nurse,54840,0.2,0,0.5928436309718493,3
nurse,54960,0.4,0,0.5918917582611952,3
nurse,55080,0.4,0,0.5907089689574302,3
nurse,55200,1.0,2,0.5897851570006778,3
nurse,55320,0.2,0,0.5911648579262788,3
nurse,55440,0.4,0,0.5901014522502461,3
nurse,55560,0.4,0,0.5909371125502516,3
nurse,55680,1.0,0,0.5911956942157619,3
nurse,55800,0.8,0,0.589953607369919,3
nurse,55920,1.0,6,0.5999620313556017,3
nurse,56040,0.6,0,0.6127274010814405,3
nurse,56160,0.6,0,0.6123760547752336,3
nurse,56280,0.2,0,0.6125052924403345,3
nurse,56400,0.4,0,0.6110797842227058,3
nurse,56520,0.6,0,0.613055174095748,3
nurse,56640,0.6,0,0.6125433749399247,3
nurse,56760,0.0,0,0.6114591409436483,3
nurse,56880,0.2,0,0.6186520143887796,3
nurse,57000,0.4,0,0.6174802427726103,3
nurse,57120,0.6,0,0.6164024707389097,3
nurse,57240,0.2,0,0.6155035348213237,3
nurse,57360,0.0,0,0.6146613659817991,3
nurse,57480,0.4,0,0.6153566278490284,3
nurse,57600,1.0,2,0.6153862443663328,3
nurse,57720,0.6,0,0.614772635378571,3
nurse,57840,0.4,0,0.6143301886574,3
nurse,57960,0.0,0,0.61343960920401,3
nurse,58080,0.8,0,0.6124142034675388,3
nurse,58200,0.2,0,0.6112543483768856,3
nurse,58320,0.6,0,0.6111621909524801,3
nurse,58440,0.8,0,0.6102833628225158,3
nurse,58560,0.2,0,0.6097230195286341,3
nurse,58680,0.6,0,0.6089104822321768,3
nurse,58800,1.0,0,0.6098858532660812,3
nurse,58920,0.6,0,0.6090127446643863,3
nurse,59040,0.2,0,0.6093087508195266,3
nurse,59160,0.8,0,0.6082364598000798,3
nurse,59280,0.4,0,0.6144195737637275,3
nurse,59400,0.2,0,0.6129352572991456,3
nurse,59520,0.8,0,0.6116581371905103,3
nurse,59640,0.8,0,0.6103044574555972,3
nurse,59760,1.0,0,0.6092421346401828,3
nurse,59880,0.4,0,0.6084057742924975,3
nurse,60000,0.2,0,0.6073500782078999,3
nurse,60120,0.4,0,0.6068869080435184,3
nurse,60240,0.8,0,0.60788287480521,3
nurse,60360,0.6,0,0.6067141792755526,3
nurse,60480,0.4,0,0.6058157799603653,3
nurse,60600,0.0,0,0.604775134460962,3
nurse,60720,0.8,0,0.6035208804424113,3
nurse,60840,0.2,0,0.6025277900711176,3
nurse,60960,1.0,0,0.6018940785799141,3
nurse,61080,0.2,0,0.6011936997686271,3
nurse,61200,0.2,0,0.5999448986160492,3
nurse,61320,0.4,0,0.5989858633294,3
nurse,61440,0.2,0,0.5978936064636744,3
nurse,61560,0.4,0,0.5965338744151866,3
nurse,61680,0.8,0,0.595759657835803,3
nurse,61800,0.2,0,0.595455280681743,3
nurse,61920,1.0,0,0.5941075137055553,3
nurse,62040,1.0,1,0.5927671912239456,3
nurse,62160,0.6,0,0.5956416830854602,3
nurse,62280,0.2,0,0.5947240760250547,3
nurse,62400,0.2,0,0.5962361827853324,3
nurse,62520,0.6,0,0.5957450149684993,3
nurse,62640,0.4,0,0.594679825925133,3
nurse,62760,0.6,0,0.5933501704322064,3
nurse,62880,0.0,0,0.5927706631665264,3
nurse,63000,0.0,0,0.5917923695749099,3
nurse,63120,0.4,0,0.5951630948037728,3
nurse,63240,0.0,0,0.5945230535201401,3
nurse,63360,1.0,0,0.5955460286368118,3
nurse,63480,0.0,0,0.6002370944855357,3
nurse,63600,0.4,0,0.5991918329010846,3
nurse,63720,0.8,0,0.5981017781269719,3
nurse,63840,0.0,0,0.5972054881674129,3
nurse,63960,1.0,1,0.6001303614425124,3
nurse,64080,0.6,0,0.5990219047564717,3
nurse,64200,0.4,0,0.5981268959963298,3
nurse,64320,0.6,0,0.5991825510068438,3
nurse,64440,0.4,0,0.5983009292307213,3
nurse,64560,0.2,0,0.5971531274604294,3
nurse,64680,0.2,0,0.5962306838008579,3
nurse,64800,0.2,0,0.5955682870406791,3
nurse,64920,0.4,0,0.6003150981863592,3
nurse,65040,0.0,0,0.5996502974131737,3
nurse,65160,0.0,0,0.5985088077466211,3
nurse,65280,1.0,0,0.5971697613375345,3
nurse,65400,1.0,0,0.597232702200929,3
nurse,65520,0.4,0,0.5997224554016287,3
nurse,65640,0.8,0,0.5990410845923372,3
nurse,65760,0.4,0,0.5979842533809256,3
nurse,65880,1.0,0,0.5969405410664766,3
nurse,66000,0.4,0,0.5962013608143358,3
nurse,66120,0.2,0,0.5966308326240958,3
nurse,66240,0.2,0,0.5957657323351291,3
nurse,66360,0.8,0,0.5948443330114734,3
nurse,66480,1.0,3,0.5954043694192135,3
nurse,66600,1.0,0,0.5965989554157474,3
nurse,66720,0.6,0,0.5955618273911063,3
nurse,66840,0.6,0,0.5945149420549561,3
nurse,66960,0.4,0,0.5940823967809974,3
nurse,67080,1.0,1,0.5944342456266569,3
nurse,67200,0.2,0,0.5944601167437187,3
nurse,67320,0.2,0,0.594127228642678,3
nurse,67440,0.6,0,0.5937229666895062,3
nurse,67560,0.2,0,0.5925275749166959,3
nurse,67680,0.2,0,0.597286518966017,3
nurse,67800,0.4,0,0.596546168541139,3
nurse,67920,0.4,0,0.5968304271953225,3
nurse,68040,0.2,0,0.5961981915732937,3
nurse,68160,0.0,0,0.5958922040760275,3
nurse,68280,0.4,0,0.5953315141362052,3
nurse,68400,0.2,0,0.5950076813747882,3
nurse,68520,0.4,0,0.594702190770622,3
nurse,68640,1.0,0,0.5995207061448146,3
nurse,68760,0.8,0,0.5986022743184903,3
nurse,68880,0.4,0,0.5975934136248635,3
nurse,69000,1.0,0,0.5967948410883642,3
nurse,69120,0.2,0,0.5961008288856352,3
nurse,69240,0.4,0,0.594986744271188,3
nurse,69360,0.4,0,0.6004759954709787,3
nurse,69480,0.4,0,0.6012480663241826,3
nurse,69600,0.6,0,0.6003497013035272,3
nurse,69720,0.6,0,0.5995000112907126,3
nurse,69840,0.4,0,0.5988472231530244,3
nurse,69960,0.4,0,0.598047935228931,3
nurse,70080,0.0,0,0.5974654842106687,3
nurse,70200,0.2,0,0.5967836016676298,3
nurse,70320,0.2,0,0.5957976320642366,3
nurse,70440,0.6,0,0.595298203156744,3
nurse,70560,0.4,0,0.5963327272775502,3
nurse,70680,0.6,0,0.5953761722569699,3
nurse,70800,0.6,0,0.5944776789719297,3
nurse,70920,0.8,0,0.5948347966581653,3
nurse,71040,0.8,0,0.5943800484332938,3
nurse,71160,0.4,0,0.5937774076893003,3
nurse,71280,0.6,0,0.593010770192003,3
nurse,71400,0.4,0,0.592523422653342,3
nurse,71520,1.0,1,0.5938524909828701,3
nurse,71640,0.6,0,0.5936948769812347,3
nurse,71760,1.0,0,0.5926786793230698,3
nurse,71880,0.0,0,0.5938495453726732,3
nurse,72000,0.4,0,0.5930243417356149,3
nurse,72120,0.8,0,0.5923085515734234,3
nurse,72240,0.4,0,0.5917706476163815,3
nurse,72360,0.4,0,0.5909845896385869,3
nurse,72480,1.0,2,0.5906439817006989,3
nurse,72600,0.0,0,0.5921627751997541,3
nurse,72720,0.4,0,0.5908912700391094,3
nurse,72840,1.0,2,0.5906424630212727,3
nurse,72960,0.2,0,0.5904340440163737,3
nurse,73080,0.4,0,0.5896681749533554,3
nurse,73200,0.2,0,0.589108240014636,3
nurse,73320,1.0,1,0.588213436679039,3
nurse,73440,0.2,0,0.5878437389313081,3
nurse,73560,0.6,0,0.5868240707044649,3
nurse,73680,0.6,0,0.5879226921534372,3
nurse,73800,0.4,0,0.5871576235699416,3
nurse,73920,1.0,1,0.5867835537657905,3
nurse,74040,0.8,0,0.5863083851196446,3
nurse,74160,0.4,0,0.5858513447382357,3
nurse,74280,1.0,2,0.5852960654432404,3
nurse,74400,0.4,0,0.5860406765024623,3
nurse,74520,0.4,0,0.5855349051256881,3
nurse,74640,0.0,0,0.5850758845155669,3
nurse,74760,0.8,0,0.5841984743732911,3
nurse,74880,0.2,0,0.5832924981296106,3
nurse,75000,0.6,0,0.5825137364498648,3
nurse,75120,0.4,0,0.5815199506863419,3
nurse,75240,0.6,0,0.5808392655557723,3
nurse,75360,0.6,0,0.5819277505818187,3
nurse,75480,0.6,0,0.5810328094582639,3
nurse,75600,0.4,0,0.5802327854660002,3
nurse,75720,0.2,0,0.579281785341783,3
nurse,75840,0.2,0,0.5784634093511254,3
nurse,75960,0.6,0,0.5774271189291883,3
nurse,76080,0.8,0,0.5766978524526161,3
nurse,76200,0.4,0,0.5758796263876544,3
nurse,76320,0.4,0,0.5762996090165119,3
nurse,76440,0.2,0,0.5758899174002847,3
nurse,76560,0.2,0,0.5751867065037686,3
nurse,76680,0.2,0,0.5743757806473851,3
nurse,76800,0.4,0,0.5740071215580884,3
nurse,76920,0.6,0,0.5733129063457133,3
nurse,77040,0.6,0,0.5741749872631465,3
nurse,77160,0.4,0,0.5732300896795962,3
nurse,77280,0.6,0,0.5722797548505761,3
nurse,77400,0.4,0,0.5717305170879228,3
nurse,77520,0.4,0,0.5719989502871949,3
nurse,77640,1.0,0,0.5726515422470431,3
nurse,77760,0.8,0,0.5721968946115158,3
nurse,77880,0.2,0,0.5720994673439344,3
nurse,78000,0.6,0,0.5713295100049366,3
nurse,78120,0.4,0,0.5706262270260108,3
nurse,78240,0.4,0,0.5699665403135811,3
nurse,78360,0.6,0,0.5692642802087645,3
nurse,78480,0.6,0,0.5686983420431083,3
nurse,78600,0.4,0,0.5683408823466966,3
nurse,78720,0.6,0,0.5673283126912049,3
nurse,78840,0.0,0,0.5664026610578227,3
nurse,78960,0.2,0,0.5679645382580577,3
nurse,79080,0.2,0,0.568051324278529,3
nurse,79200,0.6,0,0.5671321008966366,3
nurse,79320,1.0,0,0.5674557160584842,3
nurse,79440,1.0,0,0.5671720501530132,3
nurse,79560,0.8,0,0.5663991101245206,3
nurse,79680,0.2,0,0.5715469600885552,3
nurse,79800,0.4,0,0.5710697413688898,3
nurse,79920,0.0,0,0.5706112349526963,3
nurse,80040,0.2,0,0.5697273076994018,3
nurse,80160,0.2,0,0.5687584321698774,3
nurse,80280,1.0,1,0.5691254641998735,3
nurse,80400,0.6,0,0.5702157125896474,3
nurse,80520,0.8,0,0.5696205379771752,3
nurse,80640,0.4,0,0.5689817287091331,3
nurse,80760,0.4,0,0.568288642481849,3
nurse,80880,0.0,0,0.5676966751459303,3
nurse,81000,0.2,0,0.5675487591073467,3
nurse,81120,0.2,0,0.566847354244146,3
nurse,81240,0.6,0,0.5666501134784524,3
nurse,81360,0.4,0,0.5665379737456295,3
nurse,81480,0.6,0,0.5658066484973043,3
nurse,81600,0.8,0,0.565123370522978,3
nurse,81720,0.2,0,0.5652653069379059,3
nurse,81840,0.0,0,0.5646561848399124,3
nurse,81960,0.6,0,0.563993183448711,3
nurse,38880,0.4,0,0.4355035684844322,4
nurse,39000,0.4,0,0.4348225205118086,4
nurse,39120,0.6,0,0.4348744930461761,4
nurse,39240,0.4,0,0.4361200107593306,4
nurse,39360,1.0,1,0.43773846416775497,4
nurse,39480,0.8,0,0.4399034111581627,4
nurse,39600,1.0,1,0.44366664109417103,4
nurse,39720,0.4,0,0.4432851771369791,4
nurse,39840,0.4,0,0.44246546954166954,4
nurse,39960,0.4,0,0.4414937178409569,4
nurse,40080,0.6,0,0.4404721152918791,4
nurse,40200,0.4,0,0.4391641707745321,4
nurse,40320,0.6,0,0.43864285541816167,4
nurse,40440,0.2,0,0.43790832738997915,4
nurse,40560,0.6,0,0.4753924193137439,4
nurse,40680,0.6,0,0.47451776366188353,4
nurse,40800,0.6,0,0.4731772985660947,4
nurse,40920,0.6,0,0.47230092454052375,4
nurse,41040,0.6,0,0.47149955805118987,4
nurse,41160,0.6,0,0.4707940791048562,4
nurse,41280,0.6,0,0.46970480330243486,4
nurse,41400,0.8,0,0.46821525318625384,4
nurse,41520,0.4,0,0.4670035392174981,4
nurse,41640,1.0,0,0.4660464868727815,4
nurse,41760,0.2,0,0.465246635922771,4
nurse,41880,1.0,0,0.4661427816118351,4
nurse,42000,0.6,0,0.46611925691949196,4
nurse,42120,0.6,0,0.46545586944954376,4
nurse,42240,0.8,0,0.46413159666177883,4
nurse,42360,0.4,0,0.4627062558910643,4
nurse,42480,0.4,0,0.46146115960491113,4
nurse,42600,0.6,0,0.46085471640931697,4
nurse,42720,0.6,0,0.45994226187507725,4
nurse,42840,0.4,0,0.459199747251119,4
nurse,42960,0.4,0,0.4580943687279704,4
nurse,43080,0.4,0,0.4584474205494957,4
nurse,43200,0.8,0,0.4569705995905236,4
nurse,43320,1.0,1,0.45660363452755215,4
nurse,43440,0.6,0,0.4561311142399263,4
nurse,43560,0.6,0,0.4550067154373628,4
nurse,43680,0.8,0,0.4538051861396318,4
nurse,43800,0.0,0,0.4529586714933325,4
nurse,43920,0.4,0,0.45207100364004604,4
nurse,44040,0.2,0,0.4512535892947969,4
nurse,44160,0.6,0,0.45015123070092056,4
nurse,44280,0.2,0,0.4491793316781765,4
nurse,44400,0.2,0,0.44788997586424567,4
nurse,44520,0.8,0,0.44817907636431753,4
nurse,44640,0.4,0,0.44940514539895976,4
nurse,44760,0.2,0,0.4486446628764642,4
nurse,44880,0.6,0,0.4480264372689936,4
nurse,45000,0.4,0,0.44784551744309864,4
nurse,45120,0.4,0,0.4468197641319225,4
nurse,45240,1.0,0,0.45229206486980805,4
nurse,45360,0.0,0,0.45181512704540855,4
nurse,45480,0.2,0,0.45078575504197527,4
nurse,45600,0.6,0,0.4501597682148523,4
nurse,45720,1.0,0,0.4491779156406619,4
nurse,45840,0.2,0,0.44824414262472506,4
nurse,45960,0.4,0,0.45334543904734903,4
nurse,46080,1.0,0,0.46619865094270196,4
nurse,46200,0.6,0,0.46515336248767336,4
nurse,46320,0.4,0,0.4640207000478786,4
nurse,46440,0.2,0,0.463025118387975,4
nurse,46560,1.0,1,0.46199829602491005,4
nurse,46680,0.4,0,0.4683191640689978,4
nurse,46800,0.4,0,0.46800919142427366,4
nurse,46920,0.4,0,0.4668952627129612,4
nurse,47040,0.0,0,0.4657076369811155,4
nurse,47160,0.4,0,0.4687312902558816,4
nurse,47280,0.6,0,0.4700368195828445,4
nurse,47400,0.2,0,0.471552968334183,4
nurse,47520,0.6,0,0.4704058300000086,4
nurse,47640,0.2,0,0.4747469198591984,4
nurse,47760,0.0,0,0.4735913929793977,4
nurse,47880,0.6,0,0.47264539269379596,4
nurse,48000,0.0,0,0.4729995468762702,4
nurse,48120,0.6,0,0.4720196025096584,4
nurse,48240,0.6,0,0.47134103105036235,4
nurse,48360,0.6,0,0.47023598628872526,4
nurse,48480,0.2,0,0.4695875136840806,4
nurse,48600,0.8,0,0.4711112232972299,4
nurse,48720,1.0,2,0.47058098622016087,4
nurse,48840,0.2,0,0.4723657818149501,4
nurse,48960,0.4,0,0.4713983236853761,4
nurse,49080,0.8,0,0.47032600643269995,4
nurse,49200,0.4,0,0.469369098903324,4
nurse,49320,0.6,0,0.46915612116619404,4
nurse,49440,0.2,0,0.4683603632674387,4
nurse,49560,0.8,0,0.4739530758164442,4
nurse,49680,0.2,0,0.47315364187435244,4
nurse,49800,0.6,0,0.4720755844946538,4
nurse,49920,0.0,0,0.4710562274264074,4
nurse,50040,0.2,0,0.4702602406894306,4
nurse,50160,0.8,0,0.469334638495664,4
nurse,50280,0.2,0,0.46834372728207285,4
nurse,50400,0.6,0,0.4677364128377452,4
nurse,50520,0.2,0,0.4677391676532899,4
nurse,50640,0.0,0,0.46666992314265254,4
nurse,50760,1.0,0,0.4657520765469034,4
nurse,50880,0.4,0,0.4651825987513447,4
nurse,51000,0.8,0,0.4639812350200256,4
nurse,51120,0.2,0,0.4635444601115923,4
nurse,51240,0.6,0,0.4628526743185875,4
nurse,51360,0.2,0,0.4622363060634357,4
nurse,51480,0.2,0,0.46145736825575406,4
nurse,51600,0.2,0,0.4605989094666573,4
nurse,51720,0.4,0,0.4596725095559177,4
nurse,51840,0.0,0,0.45934109764543457,4
nurse,51960,0.2,0,0.4583503758202866,4
nurse,52080,0.4,0,0.45931924782485306,4
nurse,52200,0.4,0,0.4585090367120399,4
nurse,52320,0.2,0,0.4583342637764733,4
nurse,52440,0.0,0,0.45860048046406965,4
nurse,52560,0.4,0,0.45764252578933623,4
nurse,52680,0.8,0,0.4564945057702523,4
nurse,52800,0.2,0,0.45559405382047413,4
nurse,52920,0.6,0,0.4595254090144047,4
nurse,53040,0.0,0,0.4584156118001812,4
nurse,53160,0.2,0,0.4573455956895115,4
nurse,53280,0.2,0,0.45604075804132455,4
nurse,53400,0.4,0,0.455152256002428,4
nurse,53520,0.6,0,0.45447223601523135,4
nurse,53640,0.2,0,0.45443867678968625,4
nurse,53760,0.4,0,0.4534578252247189,4
nurse,53880,0.4,0,0.4532912386726164,4
nurse,54000,0.2,0,0.45265251622120883,4
nurse,54120,0.6,0,0.4517145151514784,4
nurse,54240,0.4,0,0.4533677144387893,4
nurse,54360,0.0,0,0.4527852358730406,4
nurse,54480,0.2,0,0.4520853617413362,4
nurse,54600,0.2,0,0.45135447711770965,4
nurse,54720,0.4,0,0.4546299101061559,4
nurse,54840,0.0,0,0.4536987003414908,4
nurse,54960,1.0,0,0.4556425594149428,4
nurse,55080,0.4,0,0.4553552305611968,4
nurse,55200,0.2,0,0.4551721831826173,4
nurse,55320,1.0,0,0.459197569120802,4
nurse,55440,0.6,0,0.45816162133219607,4
nurse,55560,0.4,0,0.45736752305011524,4
nurse,55680,0.2,0,0.4607735582188372,4
nurse,55800,0.8,0,0.4605906102264318,4
nurse,55920,1.0,2,0.46128286302720484,4
nurse,56040,0.0,0,0.4646784913013795,4
nurse,56160,0.6,0,0.4671522521935344,4
nurse,56280,0.2,0,0.46773004867667434,4
nurse,56400,0.8,0,0.4666990737400293,4
nurse,56520,0.8,0,0.46575612494562113,4
nurse,56640,1.0,1,0.4651301722782259,4
nurse,56760,0.6,0,0.46456945639379477,4
nurse,56880,0.8,0,0.4637185965835497,4
nurse,57000,0.2,0,0.46288186017867694,4
nurse,57120,0.2,0,0.46220292093856336,4
nurse,57240,0.2,0,0.4634603000986984,4
nurse,57360,1.0,0,0.4625545355699929,4
nurse,57480,0.8,0,0.46255968490621713,4
nurse,57600,0.2,0,0.46280939311271563,4
nurse,57720,0.2,0,0.4634655821060687,4
nurse,57840,0.2,0,0.4628697407902898,4
nurse,57960,0.2,0,0.4621976162876902,4
nurse,58080,1.0,0,0.46137786857853313,4
nurse,58200,0.4,0,0.4609306668258813,4
nurse,58320,0.2,0,0.46009040587519784,4
nurse,58440,0.6,0,0.4591714566288037,4
nurse,58560,0.0,0,0.4583855809242976,4
nurse,58680,0.6,0,0.45921625652509185,4
nurse,58800,0.8,0,0.45826857668045107,4
nurse,58920,0.6,0,0.4574889431712977,4
nurse,59040,0.6,0,0.45643288885207534,4
nurse,59160,0.8,0,0.45564237524685663,4
nurse,59280,0.2,0,0.4548408934962026,4
nurse,59400,0.4,0,0.45382767967917986,4
nurse,59520,0.4,0,0.45306309365640346,4
nurse,59640,0.2,0,0.45395459501740953,4
nurse,59760,0.6,0,0.4527675070996358,4
nurse,59880,0.8,0,0.45195414786443044,4
nurse,60000,0.6,0,0.45247215962557125,4
nurse,60120,0.2,0,0.45200371849775006,4
nurse,60240,0.8,0,0.4512794730189788,4
nurse,60360,0.4,0,0.4507097892778746,4
nurse,60480,0.8,0,0.44981321122082685,4
nurse,60600,1.0,1,0.4596423842959929,4
nurse,60720,0.2,0,0.45967039594501796,4
nurse,60840,0.4,0,0.45888287418074725,4
nurse,60960,0.4,0,0.4579775416655939,4
nurse,61080,0.4,0,0.45731589825105223,4
nurse,61200,0.2,0,0.4561775513275922,4
nurse,61320,0.4,0,0.4554317244501356,4
nurse,61440,0.0,0,0.45477741125625437,4
nurse,61560,0.6,0,0.4539047616774058,4
nurse,61680,0.4,0,0.45292375979042676,4
nurse,61800,1.0,1,0.45262737947450876,4
nurse,61920,0.6,0,0.45279329472060564,4
nurse,62040,1.0,1,0.4557455911259893,4
nurse,62160,0.2,0,0.45559779072322987,4
nurse,62280,0.4,0,0.4548342518190913,4
nurse,62400,0.4,0,0.4538311801344764,4
nurse,62520,0.4,0,0.4530488658083068,4
nurse,62640,0.4,0,0.4522650944636009,4
nurse,62760,0.6,0,0.45152394157273695,4
nurse,62880,0.4,0,0.45566858040730024,4
nurse,63000,0.2,0,0.4569822678890741,4
nurse,63120,0.6,0,0.45627373796276544,4
nurse,63240,0.6,0,0.45544797923616626,4
nurse,63360,0.0,0,0.45499232290609615,4
nurse,63480,0.8,0,0.4541950701922087,4
nurse,63600,0.4,0,0.45364799758258006,4
nurse,63720,1.0,2,0.4532645707331479,4
nurse,63840,1.0,2,0.45372336986553646,4
nurse,63960,0.4,0,0.4531708833140046,4
nurse,64080,0.0,0,0.45281198051313354,4
nurse,64200,0.0,0,0.4540286818336282,4
nurse,64320,0.6,0,0.4547304765849528,4
nurse,64440,0.4,0,0.4542752482398301,4
nurse,64560,0.0,0,0.4536864160607533,4
nurse,64680,1.0,1,0.45340775306228226,4
nurse,64800,0.0,0,0.4531443635205887,4
nurse,64920,0.4,0,0.4523877217262131,4
nurse,65040,0.2,0,0.45231618272525564,4
nurse,65160,0.6,0,0.45398027167074234,4
nurse,65280,0.6,0,0.4532900025955261,4
nurse,65400,0.4,0,0.452483387262933,4
nurse,65520,0.4,0,0.4517903297527276,4
nurse,65640,1.0,4,0.45126547534452166,4
nurse,65760,0.4,0,0.46318042372294127,4
nurse,65880,1.0,0,0.4623188541928968,4
nurse,66000,0.4,0,0.4616109010106801,4
nurse,66120,0.6,0,0.46074305348012445,4
nurse,66240,0.4,0,0.4606782907557271,4
nurse,66360,1.0,2,0.46066911376461606,4
nurse,66480,0.2,0,0.4614706954248814,4
nurse,66600,1.0,1,0.46055625849438603,4
nurse,66720,0.0,0,0.4602893279245288,4
nurse,66840,0.4,0,0.45959778746791136,4
nurse,66960,0.8,0,0.460611313141655,4
nurse,67080,0.6,0,0.46067905814691334,4
nurse,67200,1.0,0,0.4598861963411579,4
nurse,67320,0.8,0,0.4594686485111614,4
nurse,67440,0.2,0,0.45900690426261315,4
nurse,67560,0.6,0,0.4600543636214597,4
nurse,67680,1.0,1,0.4597912712168606,4
nurse,67800,0.2,0,0.4629153211203542,4
nurse,67920,0.6,0,0.46224642227045637,4
nurse,68040,0.8,0,0.4615458657775982,4
nurse,68160,0.4,0,0.4608606268566539,4
nurse,68280,0.2,0,0.4602645345648763,4
nurse,68400,0.4,0,0.45950997947938155,4
nurse,68520,1.0,3,0.4652985521624972,4
nurse,68640,1.0,4,0.467052397820772,4
nurse,68760,1.0,1,0.4690531082405384,4
nurse,68880,0.4,0,0.4682347708414509,4
nurse,69000,0.0,0,0.46779150548493487,4
nurse,69120,0.6,0,0.4670045259247154,4
nurse,69240,0.4,0,0.4663822500370919,4
nurse,69360,0.2,0,0.46647252354359314,4
nurse,69480,1.0,1,0.4657797107625411,4
nurse,69600,0.2,0,0.46543785774664603,4
nurse,69720,1.0,0,0.4650129585172636,4
nurse,69840,0.2,0,0.4649067075836244,4
nurse,69960,0.4,0,0.4644025488089782,4
nurse,70080,0.4,0,0.464280125927182,4
nurse,70200,0.4,0,0.4638549609766992,4
nurse,70320,0.6,0,0.4632186715926434,4
nurse,70440,0.6,0,0.46266621561246646,4
nurse,70560,0.8,0,0.46206052671778963,4
nurse,70680,0.4,0,0.4614555633139923,4
nurse,70800,0.8,0,0.4615249011040582,4
nurse,70920,0.2,0,0.46098993533077237,4
nurse,71040,0.8,0,0.4715173005427627,4
nurse,71160,0.4,0,0.47077165023127515,4
nurse,71280,0.4,0,0.47015751162919334,4
nurse,71400,0.4,0,0.4700502993955599,4
nurse,71520,0.2,0,0.46931962627715407,4
nurse,71640,0.4,0,0.46850292181957937,4
nurse,71760,0.6,0,0.4679886804985201,4
nurse,71880,0.4,0,0.4672043419278521,4
nurse,72000,0.6,0,0.4680705281877285,4
nurse,72120,0.8,0,0.46719379524327503,4
nurse,72240,0.6,0,0.4677383152185785,4
nurse,72360,0.8,0,0.4668330225710387,4
nurse,72480,0.8,0,0.46616109727282984,4
nurse,72600,0.4,0,0.46543964520983866,4
nurse,72720,0.2,0,0.4646434950690503,4
nurse,72840,0.2,0,0.46395228986977394,4
nurse,72960,1.0,0,0.4638039090477043,4
nurse,73080,0.4,0,0.46342202988425196,4
nurse,73200,0.4,0,0.46279403048818357,4
nurse,73320,0.4,0,0.46288718252992495,4
nurse,73440,0.2,0,0.46243591282126945,4
nurse,73560,1.0,0,0.46165340663691024,4
nurse,73680,0.0,0,0.46121815941832517,4
nurse,73800,0.2,0,0.4624579472591486,4
nurse,73920,0.2,0,0.4617590517329558,4
nurse,74040,0.4,0,0.4610077760915442,4
nurse,74160,0.2,0,0.4605386428116661,4
nurse,74280,0.2,0,0.4599800722325282,4
nurse,74400,0.2,0,0.4593592158560132,4
nurse,74520,0.2,0,0.46083097468000866,4
nurse,74640,0.8,0,0.46003793401371346,4
nurse,74760,0.4,0,0.45959258664972874,4
nurse,74880,0.6,0,0.45892012233030294,4
nurse,75000,0.4,0,0.45825665888508343,4
nurse,75120,1.0,0,0.4583837421875773,4
nurse,75240,0.4,0,0.45823433590453966,4
nurse,75360,0.0,0,0.4590280664610159,4
nurse,75480,1.0,0,0.4586657804667608,4
nurse,75600,0.2,0,0.4586132284606613,4
nurse,75720,1.0,0,0.4578575088132091,4
nurse,75840,0.8,0,0.45828196812580474,4
nurse,75960,0.2,0,0.45809525392136274,4
nurse,76080,1.0,2,0.45810936250219736,4
nurse,76200,0.4,0,0.45859688383194175,4
nurse,76320,0.4,0,0.4578972147646477,4
nurse,76440,0.4,0,0.4572943117812658,4
nurse,76560,0.6,0,0.4571504303118782,4
nurse,76680,1.0,2,0.4614199055726822,4
nurse,76800,0.6,0,0.4632827964524357,4
nurse,76920,0.0,0,0.462758904806135,4
nurse,77040,0.8,0,0.4624230305393148,4
nurse,77160,0.8,0,0.4621014392837904,4
nurse,77280,0.0,0,0.46147830576263604,4
nurse,77400,0.8,0,0.46182158699894427,4
nurse,77520,0.4,0,0.4614284098612383,4
nurse,77640,1.0,1,0.46091355561931624,4
nurse,77760,0.6,0,0.462176191128466,4
nurse,77880,0.2,0,0.46230378529659855,4
nurse,78000,0.4,0,0.46220925263654317,4
nurse,78120,1.0,0,0.4644277223172508,4
nurse,78240,0.8,0,0.4639518986173202,4
nurse,78360,0.4,0,0.4641425625478137,4
nurse,78480,0.8,0,0.46349940410033036,4
nurse,78600,0.4,0,0.46283766723948966,4
nurse,78720,0.4,0,0.46226256021311346,4
nurse,78840,1.0,0,0.4617460377715872,4
nurse,78960,0.8,0,0.46279662704168567,4
nurse,79080,1.0,0,0.4624680607610568,4
nurse,79200,0.8,0,0.46200701454871573,4
nurse,79320,0.4,0,0.46131261017951763,4
nurse,79440,0.8,0,0.46130489039125855,4
nurse,79560,0.2,0,0.46074521058237045,4
nurse,79680,0.4,0,0.46025360697508877,4
nurse,79800,0.2,0,0.45967606643529163,4
nurse,79920,0.8,0,0.4591194080897089,4
nurse,80040,0.4,0,0.45840741701163074,4
nurse,80160,0.4,0,0.45962632203050546,4
nurse,80280,0.6,0,0.45896169159725275,4
nurse,80400,0.4,0,0.4586483125061743,4
nurse,80520,0.2,0,0.4594821604330654,4
nurse,80640,1.0,0,0.458796687567727,4
nurse,80760,0.2,0,0.4582735961180637,4
nurse,80880,0.2,0,0.4577941957726786,4
nurse,81000,0.8,0,0.4572056549751069,4
nurse,81120,1.0,1,0.4580713060833721,4
nurse,81240,0.6,0,0.4575958061914317,4
nurse,81360,0.4,0,0.45907498729127155,4
nurse,81480,0.4,0,0.45854361254289905,4
nurse,81600,0.2,0,0.45791355948807505,4
nurse,81720,0.4,0,0.45744993443328774,4
nurse,81840,0.0,0,0.4570347244992963,4
nurse,81960,0.2,0,0.45667292670159193,4
nurse,38880,1.0,0,0.4404060678886997,5
nurse,39000,1.0,0,0.44002023681942465,5
nurse,39120,1.0,3,0.44486492883762097,5
nurse,39240,0.4,0,0.44741063321784313,5
nurse,39360,1.0,2,0.4487360856027418,5
nurse,39480,0.4,0,0.45084897431780296,5
nurse,39600,0.8,0,0.45264115819980855,5
nurse,39720,0.6,0,0.45131084910385266,5
nurse,39840,0.4,0,0.45111474374686616,5
nurse,39960,0.6,0,0.4496592765789438,5
nurse,40080,0.2,0,0.44833339081135154,5
nurse,40200,0.0,0,0.44699110625087957,5
nurse,40320,0.6,0,0.4455800659628232,5
nurse,40440,0.0,0,0.44417790625087405,5
nurse,40560,0.8,0,0.4425992225321896,5
nurse,40680,0.2,0,0.4416472101254915,5
nurse,40800,0.8,0,0.4417517100522018,5
nurse,40920,0.6,0,0.44059270741189377,5
nurse,41040,0.4,0,0.43973757871593017,5
nurse,41160,0.4,0,0.4385896608366562,5
nurse,41280,0.6,0,0.43750675120165056,5
nurse,41400,0.4,0,0.4366112942652039,5
nurse,41520,0.2,0,0.43573153633202705,5
nurse,41640,0.0,0,0.4348553166381678,5
nurse,41760,0.4,0,0.43369249084637457,5
nurse,41880,0.6,0,0.43301247007246535,5
nurse,42000,0.2,0,0.43328229865025947,5
nurse,42120,1.0,0,0.43313027577611074,5
nurse,42240,1.0,0,0.4337918710534132,5
nurse,42360,0.6,0,0.4334466987481022,5
nurse,42480,0.4,0,0.43516803087109457,5
nurse,42600,0.6,0,0.435555548903038,5
nurse,42720,0.2,0,0.43454064642167206,5
nurse,42840,0.4,0,0.4333152353572502,5
nurse,42960,0.4,0,0.43255179048783354,5
nurse,43080,1.0,1,0.4347478275402199,5
nurse,43200,0.2,0,0.43380362357424707,5
nurse,43320,0.2,0,0.43331888850442385,5
nurse,43440,0.0,0,0.43220391910019934,5
nurse,43560,1.0,0,0.43324824107787313,5
nurse,43680,0.4,0,0.4336850507141074,5
nurse,43800,0.8,0,0.43303686309460854,5
nurse,43920,0.4,0,0.43206869505411866,5
nurse,44040,0.4,0,0.43109266565352655,5
nurse,44160,0.6,0,0.4305646276312979,5
nurse,44280,1.0,7,0.43427810152890667,5
nurse,44400,0.4,0,0.4494241078892112,5
nurse,44520,1.0,1,0.4486427001660907,5
nurse,44640,0.8,0,0.4484949313546151,5
nurse,44760,0.0,0,0.447778985122151,5
nurse,44880,0.6,0,0.4467110314359566,5
nurse,45000,0.0,0,0.44581233461178915,5
nurse,45120,0.8,0,0.4445951544064371,5
nurse,45240,0.4,0,0.4435025912746676,5
nurse,45360,0.4,0,0.4439729049121705,5
nurse,45480,0.2,0,0.44336986124698075,5
nurse,45600,0.0,0,0.4450236723749767,5
nurse,45720,0.6,0,0.4440572380621402,5
nurse,45840,0.8,0,0.4430753831820288,5
nurse,45960,1.0,0,0.4421742265812907,5
nurse,46080,1.0,0,0.44145256397918564,5
nurse,46200,0.6,0,0.4403140171326092,5
nurse,46320,0.0,0,0.44379039452467534,5
nurse,46440,0.8,0,0.44368771640493565,5
nurse,46560,0.2,0,0.4427712705791877,5
nurse,46680,0.0,0,0.4419797325965399,5
nurse,46800,0.4,0,0.4412285135388421,5
nurse,46920,0.4,0,0.4407342238927433,5
nurse,47040,0.6,0,0.4397647417730503,5
nurse,47160,0.4,0,0.43894489860182057,5
nurse,47280,1.0,0,0.4380490967307379,5
nurse,47400,0.4,0,0.4370087482408914,5
nurse,47520,0.2,0,0.4362398178920805,5
nurse,47640,0.2,0,0.4368928651148204,5
nurse,47760,0.4,0,0.43594555342330304,5
nurse,47880,0.6,0,0.4358261224770797,5
nurse,48000,0.4,0,0.43474107818875474,5
nurse,48120,0.4,0,0.43380506725525797,5
nurse,48240,0.2,0,0.4328735920979476,5
nurse,48360,0.2,0,0.43244683456731364,5
nurse,48480,0.6,0,0.43177855355946126,5
nurse,48600,0.8,0,0.43087076505435173,5
nurse,48720,0.4,0,0.43273425923608555,5
nurse,48840,0.2,0,0.4411354438178259,5
nurse,48960,0.8,0,0.4404173330513962,5
nurse,49080,0.4,0,0.43944041556062613,5
nurse,49200,1.0,0,0.4386080122697921,5
nurse,49320,0.4,0,0.43918039823002275,5
nurse,49440,0.2,0,0.43815411043399755,5
nurse,49560,0.4,0,0.44009171785403634,5
nurse,49680,0.6,0,0.4389626442573612,5
nurse,49800,1.0,2,0.43783934920608286,5
nurse,49920,0.8,0,0.43785421818656706,5
nurse,50040,0.4,0,0.4368780323350483,5
nurse,50160,0.4,0,0.44085506357858567,5
nurse,50280,0.4,0,0.44008635379030564,5
nurse,50400,0.6,0,0.43920250909564457,5
nurse,50520,0.4,0,0.4382355895196378,5
nurse,50640,0.8,0,0.4391398829129537,5
nurse,50760,1.0,0,0.4382150418561872,5
nurse,50880,0.2,0,0.43773970161988773,5
nurse,51000,0.0,0,0.4377306172965599,5
nurse,51120,0.6,0,0.43824115956087606,5
nurse,51240,1.0,0,0.43711116504654046,5
nurse,51360,0.2,0,0.43643456620898075,5
nurse,51480,0.4,0,0.43528862634867443,5
nurse,51600,0.4,0,0.4341064549228136,5
nurse,51720,0.6,0,0.4333388927715818,5
nurse,51840,0.4,0,0.43245177114888195,5
nurse,51960,0.6,0,0.4315250415000094,5
nurse,52080,0.4,0,0.43067948053488936,5
nurse,52200,0.6,0,0.4299311359582252,5
nurse,52320,0.0,0,0.4311375234043816,5
nurse,52440,0.4,0,0.4303067889141641,5
nurse,52560,0.4,0,0.42958966526019,5
nurse,52680,0.6,0,0.42877764789806194,5
nurse,52800,0.6,0,0.4280009940452654,5
nurse,52920,0.6,0,0.42719496580789196,5
nurse,53040,0.4,0,0.4262440001882649,5
nurse,53160,0.6,0,0.42575454437989896,5
nurse,53280,0.4,0,0.42582525496772133,5
nurse,53400,1.0,4,0.4278211187576655,5
nurse,53520,0.8,0,0.4353753593013079,5
nurse,53640,0.6,0,0.4347600791640585,5
nurse,53760,0.2,0,0.4342103878972934,5
nurse,53880,0.4,0,0.43337561489482895,5
nurse,54000,0.6,0,0.432938901594838,5
nurse,54120,0.4,0,0.4324138237787647,5
nurse,54240,0.4,0,0.4321583643213681,5
nurse,54360,0.6,0,0.43130279342851896,5
nurse,54480,0.2,0,0.430450603496388,5
nurse,54600,0.6,0,0.42970643615903986,5
nurse,54720,0.8,0,0.4289814059134927,5
nurse,54840,0.2,0,0.4298950139306961,5
nurse,54960,0.6,0,0.42912228686509046,5
nurse,55080,0.4,0,0.42876113037518615,5
nurse,55200,0.2,0,0.4280659682185921,5
nurse,55320,1.0,0,0.42716674955423284,5
nurse,55440,0.4,0,0.4286477321871287,5
nurse,55560,0.2,0,0.42785995594494497,5
nurse,55680,0.8,0,0.4268486115895132,5
nurse,55800,0.0,0,0.4269233243980194,5
nurse,55920,1.0,0,0.4262163417616748,5
nurse,56040,0.2,0,0.42602446942291794,5
nurse,56160,0.6,0,0.4254185894976915,5
nurse,56280,0.2,0,0.4247080375364507,5
nurse,56400,0.2,0,0.42520777036499996,5
nurse,56520,0.2,0,0.4244863149751973,5
nurse,56640,1.0,0,0.42428349176907443,5
nurse,56760,0.4,0,0.43035136719716505,5
nurse,56880,0.4,0,0.4297769607358552,5
nurse,57000,0.6,0,0.42949993108739765,5
nurse,57120,0.2,0,0.4304809767784584,5
nurse,57240,1.0,0,0.4298813515288021,5
nurse,57360,0.2,0,0.4292529137716072,5
nurse,57480,0.8,0,0.4283163755793103,5
nurse,57600,0.2,0,0.4278872999421901,5
nurse,57720,0.4,0,0.4272177837966089,5
nurse,57840,0.8,0,0.4290522989652233,5
nurse,57960,0.2,0,0.4282548039857339,5
nurse,58080,0.4,0,0.4286648998072113,5
nurse,58200,0.4,0,0.4279888185690871,5
nurse,58320,0.6,0,0.4273733868250476,5
nurse,58440,0.6,0,0.4264972626208143,5
nurse,58560,0.4,0,0.42786490566959073,5
nurse,58680,0.4,0,0.42726845762186555,5
nurse,58800,0.8,0,0.42639765375510397,5
nurse,58920,0.2,0,0.4257322662772312,5
nurse,59040,0.4,0,0.4250635377317601,5
nurse,59160,0.6,0,0.4242018642313915,5
nurse,59280,0.8,0,0.4234357572386001,5
nurse,59400,0.4,0,0.4227803721500075,5
nurse,59520,0.4,0,0.42204729789893447,5
nurse,59640,0.0,0,0.421368082774575,5
nurse,59760,0.2,0,0.42109175315877145,5
nurse,59880,0.2,0,0.42036059344312254,5
nurse,60000,0.4,0,0.41947331133138627,5
nurse,60120,1.0,3,0.4221255075960784,5
nurse,60240,0.6,0,0.4282862026333773,5
nurse,60360,0.6,0,0.42746339376445613,5
nurse,60480,0.2,0,0.4304804360660791,5
nurse,60600,0.4,0,0.42956924971479576,5
nurse,60720,0.6,0,0.42886482847540774,5
nurse,60840,0.6,0,0.4281602004054887,5
nurse,60960,0.2,0,0.4272831244714255,5
nurse,61080,0.6,0,0.4263639143032197,5
nurse,61200,0.2,0,0.4256416273182226,5
nurse,61320,0.2,0,0.42505886071412285,5
nurse,61440,0.0,0,0.42442456161685893,5
nurse,61560,0.2,0,0.42362552810044185,5
nurse,61680,0.0,0,0.4237644377279513,5
nurse,61800,0.6,0,0.4228877592945861,5
nurse,61920,0.2,0,0.4223144076937607,5
nurse,62040,0.6,0,0.42161580840017354,5
nurse,62160,0.2,0,0.4210020100359844,5
nurse,62280,1.0,1,0.42035410477697777,5
nurse,62400,0.2,0,0.4200769791926579,5
nurse,62520,0.2,0,0.41951192560804057,5
nurse,62640,0.8,0,0.4239240018191418,5
nurse,62760,0.6,0,0.4231127157733027,5
nurse,62880,0.4,0,0.4224612910948581,5
nurse,63000,0.8,0,0.42166417564637604,5
nurse,63120,0.6,0,0.42136106139459173,5
nurse,63240,0.6,0,0.42066746293962126,5
nurse,63360,1.0,0,0.4221349565405122,5
nurse,63480,0.2,0,0.421655607485223,5
nurse,63600,0.6,0,0.4209390477293002,5
nurse,63720,0.2,0,0.42009318443326255,5
nurse,63840,1.0,6,0.42236715160474014,5
nurse,63960,0.6,0,0.434319698402695,5
nurse,64080,1.0,3,0.4340657639785465,5
nurse,64200,0.4,0,0.4450482408370132,5
nurse,64320,0.6,0,0.4443760938059174,5
nurse,64440,0.6,0,0.4437972278565393,5
nurse,64560,0.4,0,0.4434401705070618,5
nurse,64680,0.4,0,0.4449164164635169,5
nurse,64800,0.6,0,0.4451949896682155,5
nurse,64920,0.2,0,0.4444921561911794,5
nurse,65040,0.8,0,0.44382350398077847,5
nurse,65160,0.2,0,0.44322422103180775,5
nurse,65280,0.0,0,0.44262655429183206,5
nurse,65400,0.4,0,0.4432513992619792,5
nurse,65520,0.6,0,0.4436959175590576,5
nurse,65640,1.0,0,0.44310249207200814,5
nurse,65760,0.2,0,0.4472602783403312,5
nurse,65880,0.4,0,0.4464732782752947,5
nurse,66000,0.8,0,0.4502491602441308,5
nurse,66120,0.2,0,0.4497158627936375,5
nurse,66240,0.8,0,0.44982807171342976,5
nurse,66360,0.2,0,0.4506764780518353,5
nurse,66480,0.2,0,0.44997246528871665,5
nurse,66600,0.2,0,0.4492436993740867,5
nurse,66720,1.0,0,0.44890998395662707,5
nurse,66840,0.2,0,0.4486208375502203,5
nurse,66960,1.0,0,0.44767983088141633,5
nurse,67080,0.2,0,0.4469598740386146,5
nurse,67200,0.0,0,0.44657943960369223,5
nurse,67320,0.2,0,0.44599616082957194,5
nurse,67440,0.0,0,0.44572430396511753,5
nurse,67560,0.2,0,0.44493303056912054,5
nurse,67680,0.8,0,0.44431757118885135,5
nurse,67800,0.6,0,0.44464996761372577,5
nurse,67920,0.8,0,0.4442828633784077,5
nurse,68040,0.8,0,0.4518641713739837,5
nurse,68160,0.6,0,0.45125465428163714,5
nurse,68280,1.0,0,0.4506911232758872,5
nurse,68400,0.4,0,0.45000626242228264,5
nurse,68520,0.2,0,0.4498815769544619,5
nurse,68640,0.2,0,0.44999753117169755,5
nurse,68760,0.6,0,0.4495352428188736,5
nurse,68880,0.6,0,0.4494978802171898,5
nurse,69000,0.6,0,0.4491561474580216,5
nurse,69120,1.0,1,0.4503621324408827,5
nurse,69240,0.6,0,0.45102956974205327,5
nurse,69360,0.4,0,0.4504572632168298,5
nurse,69480,0.4,0,0.44974116636387385,5
nurse,69600,0.8,0,0.4491633683854726,5
nurse,69720,0.6,0,0.4483282160412607,5
nurse,69840,0.4,0,0.4507738988850806,5
nurse,69960,0.6,0,0.45020669310977335,5
nurse,70080,0.2,0,0.44948685600338495,5
nurse,70200,0.2,0,0.4485601879536346,5
nurse,70320,0.6,0,0.4483646802048635,5
nurse,70440,0.2,0,0.44822106975079457,5
nurse,70560,0.2,0,0.4478447530643667,5
nurse,70680,0.2,0,0.4473377431344063,5
nurse,70800,0.6,0,0.4464778673278385,5
nurse,70920,0.0,0,0.44734177197890357,5
nurse,71040,1.0,0,0.44645983867077177,5
nurse,71160,0.2,0,0.4470460578453389,5
nurse,71280,1.0,2,0.4462433716231948,5
nurse,71400,0.2,0,0.44688400769586933,5
nurse,71520,0.6,0,0.4463285522467759,5
nurse,71640,0.2,0,0.44585484861071917,5
nurse,71760,1.0,2,0.4496886994429816,5
nurse,71880,0.4,0,0.4495828230955,5
nurse,72000,0.4,0,0.45007539960093285,5
nurse,72120,0.8,0,0.4493964518941787,5
nurse,72240,0.6,0,0.45275795988695877,5
nurse,72360,1.0,1,0.4552116404452071,5
nurse,72480,0.8,0,0.45518219465468374,5
nurse,72600,0.6,0,0.45683906920585093,5
nurse,72720,0.2,0,0.4569344243075849,5
nurse,72840,0.4,0,0.4565554910104081,5
nurse,72960,0.2,0,0.4560545798347972,5
nurse,73080,0.0,0,0.4554549353973878,5
nurse,73200,0.4,0,0.4550709518440948,5
nurse,73320,0.4,0,0.45454568056321976,5
nurse,73440,0.6,0,0.4539706653757395,5
nurse,73560,0.6,0,0.4533245265444565,5
nurse,73680,0.6,0,0.4525012975671914,5
nurse,73800,0.6,0,0.45238800523003875,5
nurse,73920,0.2,0,0.45177563819214395,5
nurse,74040,0.8,0,0.4509939349142078,5
nurse,74160,1.0,0,0.45678218753335426,5
nurse,74280,0.6,0,0.4566192816769383,5
nurse,74400,0.4,0,0.4561750015211449,5
nurse,74520,0.6,0,0.4556111869671663,5
nurse,74640,0.6,0,0.45513986112537136,5
nurse,74760,0.4,0,0.45457889350274205,5
nurse,74880,1.0,2,0.4538492713955738,5
nurse,75000,0.4,0,0.4544132279497257,5
nurse,75120,0.0,0,0.45392821009515244,5
nurse,75240,0.6,0,0.4532655080238993,5
nurse,75360,0.6,0,0.4526144030698322,5
nurse,75480,0.6,0,0.4516772137032422,5
nurse,75600,0.6,0,0.45112632941460223,5
nurse,75720,1.0,1,0.45059070925568395,5
nurse,75840,0.2,0,0.45033654295094955,5
nurse,75960,1.0,5,0.4538316353821475,5
nurse,76080,0.8,0,0.4576047745303125,5
nurse,76200,0.0,0,0.457306575238616,5
nurse,76320,0.2,0,0.4566341008881786,5
nurse,76440,0.2,0,0.45592752877734055,5
nurse,76560,0.4,0,0.4554499427209038,5
nurse,76680,0.6,0,0.4556550980769908,5
nurse,76800,0.6,0,0.4561317111995063,5
nurse,76920,0.6,0,0.4552321956536515,5
nurse,77040,0.0,0,0.4546942676023024,5
nurse,77160,0.2,0,0.45410357145336994,5
nurse,77280,0.4,0,0.4539401631569456,5
nurse,77400,0.6,0,0.4534461106342041,5
nurse,77520,0.4,0,0.4526758640496851,5
nurse,77640,0.2,0,0.4525933102112353,5
nurse,77760,0.2,0,0.4517544055203624,5
nurse,77880,0.8,0,0.45880573715799045,5
nurse,78000,0.8,0,0.4582974995305998,5
nurse,78120,0.2,0,0.4581323781537831,5
nurse,78240,0.0,0,0.45954116865158817,5
nurse,78360,1.0,0,0.4591578311084471,5
nurse,78480,0.4,0,0.4591804779539782,5
nurse,78600,0.0,0,0.4586938910029923,5
nurse,78720,0.4,0,0.45793309270861476,5
nurse,78840,0.6,0,0.4581210086203822,5
nurse,78960,1.0,0,0.4574012766485987,5
nurse,79080,0.2,0,0.4570969466096442,5
nurse,79200,0.4,0,0.45635764399192835,5
nurse,79320,0.4,0,0.45585075914476214,5
nurse,79440,0.2,0,0.4552969122485743,5
nurse,79560,0.6,0,0.454632312135059,5
nurse,79680,0.2,0,0.4540609363154644,5
nurse,79800,0.6,0,0.4535365375439225,5
nurse,79920,0.2,0,0.4530507182136244,5
nurse,80040,0.8,0,0.4529716868737833,5
nurse,80160,0.4,0,0.45273388512542456,5
nurse,80280,0.2,0,0.4536331756499699,5
nurse,80400,1.0,2,0.4593134429683294,5
nurse,80520,0.8,0,0.45972606651689457,5
nurse,80640,0.0,0,0.4592238332532451,5
nurse,80760,1.0,2,0.4584725375070076,5
nurse,80880,0.6,0,0.45977595000421556,5
nurse,81000,0.2,0,0.45966770542261937,5
nurse,81120,1.0,0,0.45917967693934275,5
nurse,81240,0.2,0,0.4588497312626718,5
nurse,81360,0.0,0,0.4580598950066254,5
nurse,81480,0.6,0,0.457362593064708,5
nurse,81600,0.8,0,0.456823958294457,5
nurse,81720,0.2,0,0.4561756005011551,5
nurse,81840,0.8,0,0.45559713702027166,5
nurse,81960,0.2,0,0.45493031191851974,5
nurse,38880,0.8,0,0.6116807978882083,6
nurse,39000,0.4,0,0.612468467539977,6
nurse,39120,0.8,0,0.6107559173942898,6
nurse,39240,0.8,0,0.6093956592263738,6
nurse,39360,0.2,0,0.6099857292062166,6
nurse,39480,0.4,0,0.6080837419194137,6
nurse,39600,0.6,0,0.606497648692096,6
nurse,39720,1.0,3,0.61268185706819,6
nurse,39840,0.2,0,0.6155341092664658,6
nurse,39960,0.6,0,0.6141010481512108,6
nurse,40080,0.8,0,0.6153096709731677,6
nurse,40200,1.0,0,0.6138117408537542,6
nurse,40320,0.8,0,0.6122048565644274,6
nurse,40440,0.8,0,0.6141801704051641,6
nurse,40560,0.4,0,0.6137049027365056,6
nurse,40680,0.4,0,0.6122071847973789,6
nurse,40800,1.0,1,0.6203439212904546,6
nurse,40920,1.0,0,0.6191287708578307,6
nurse,41040,1.0,3,0.617906412425277,6
nurse,41160,0.4,0,0.6203829697933808,6
nurse,41280,0.4,0,0.6189217818715762,6
nurse,41400,0.6,0,0.6183776215259236,6
nurse,41520,0.6,0,0.6173967387280723,6
nurse,41640,0.8,0,0.6155760291675156,6
nurse,41760,0.4,0,0.6144654086609936,6
nurse,41880,0.6,0,0.6127779563076632,6
nurse,42000,1.0,0,0.6112729282645875,6
nurse,42120,0.2,0,0.6104868256938397,6
nurse,42240,0.4,0,0.6088807342610268,6
nurse,42360,0.4,0,0.607567753116455,6
nurse,42480,0.4,0,0.6060903156322588,6
nurse,42600,0.2,0,0.6047893284871777,6
nurse,42720,0.4,0,0.6033578370973137,6
nurse,42840,0.4,0,0.6018582091718128,6
nurse,42960,0.4,0,0.6001309730595812,6
nurse,43080,0.8,0,0.5984136223566506,6
nurse,43200,0.2,0,0.5974177750875548,6
nurse,43320,1.0,0,0.595661471109346,6
nurse,43440,0.8,0,0.5997416613220004,6
nurse,43560,0.6,0,0.598424888756416,6
nurse,43680,0.2,0,0.5973525949471975,6
nurse,43800,0.0,0,0.5957258177278424,6
nurse,43920,0.4,0,0.5944846098459924,6
nurse,44040,0.6,0,0.5936223650983313,6
nurse,44160,0.4,0,0.5918578597796282,6
nurse,44280,0.4,0,0.5904531372495629,6
nurse,44400,0.4,0,0.5889714480720233,6
nurse,44520,0.4,0,0.5874410445581952,6
nurse,44640,0.2,0,0.5862529745049643,6
nurse,44760,0.2,0,0.5859327931347547,6
nurse,44880,1.0,0,0.584538661355393,6
nurse,45000,0.4,0,0.5833892787829873,6
nurse,45120,0.6,0,0.5819991534165464,6
nurse,45240,0.4,0,0.5809736945963254,6
nurse,45360,0.2,0,0.5827997635968539,6
nurse,45480,0.0,0,0.5823957590654997,6
nurse,45600,0.8,0,0.5827113262112595,6
nurse,45720,0.6,0,0.5811431695676159,6
nurse,45840,0.6,0,0.5796248352838346,6
nurse,45960,1.0,0,0.5823801712382091,6
nurse,46080,0.4,0,0.5810987743906895,6
nurse,46200,0.2,0,0.5796467784870767,6
nurse,46320,0.8,0,0.5897753333295068,6
nurse,46440,0.6,0,0.5887644054355584,6
nurse,46560,1.0,0,0.5871541096258202,6
nurse,46680,0.2,0,0.5881817515199589,6
nurse,46800,0.2,0,0.5885902764897211,6
nurse,46920,1.0,0,0.5873036964964732,6
nurse,47040,0.6,0,0.5968541947142136,6
nurse,47160,0.2,0,0.5963338176489982,6
nurse,47280,0.6,0,0.596642174242681,6
nurse,47400,0.4,0,0.5952890168546464,6
nurse,47520,0.8,0,0.5938179156378498,6
nurse,47640,1.0,0,0.5935764472824389,6
nurse,47760,0.8,0,0.5947177391906872,6
nurse,47880,0.2,0,0.5938401287268259,6
nurse,48000,0.6,0,0.5926576709910385,6
nurse,48120,0.8,0,0.5909666361286599,6
nurse,48240,0.6,0,0.590676151658695,6
nurse,48360,0.4,0,0.5897732957515811,6
nurse,48480,0.4,0,0.5886099392053465,6
nurse,48600,0.4,0,0.5887191419936383,6
nurse,48720,0.6,0,0.5878028851376521,6
nurse,48840,0.2,0,0.5866091644184731,6
nurse,48960,1.0,1,0.5863123862600903,6
nurse,49080,0.4,0,0.5859734741112043,6
nurse,49200,0.6,0,0.584855979247693,6
nurse,49320,0.2,0,0.5836713888335967,6
nurse,49440,0.4,0,0.5837633919359575,6
nurse,49560,0.0,0,0.5821164695824385,6
nurse,49680,0.6,0,0.5811327691027388,6
nurse,49800,0.2,0,0.5828066826950152,6
nurse,49920,0.4,0,0.5831171284161794,6
nurse,50040,0.6,0,0.5818861498202106,6
nurse,50160,0.6,0,0.5802335278616865,6
nurse,50280,0.8,0,0.5789890838826359,6
nurse,50400,0.4,0,0.5775668444531303,6
nurse,50520,1.0,5,0.580001766808054,6
nurse,50640,0.8,0,0.5854012730335892,6
nurse,50760,1.0,3,0.5848190314402343,6
nurse,50880,0.8,0,0.5878913781615815,6
nurse,51000,1.0,0,0.5873905134663098,6
nurse,51120,0.6,0,0.5894250916373621,6
nurse,51240,0.4,0,0.5883360457874542,6
nurse,51360,0.2,0,0.5871935569615504,6
nurse,51480,0.0,0,0.5920527899288827,6
nurse,51600,0.0,0,0.5909836435621142,6
nurse,51720,0.2,0,0.5900255876323008,6
nurse,51840,0.2,0,0.5897715837227193,6
nurse,51960,0.2,0,0.5887740458706472,6
nurse,52080,0.8,0,0.5873741382604316,6
nurse,52200,0.6,0,0.5862811449237717,6
nurse,52320,0.6,0,0.585276339026569,6
nurse,52440,1.0,0,0.5844847643518435,6
nurse,52560,0.0,0,0.5834179429704119,6
nurse,52680,0.0,0,0.5822561912796762,6
nurse,52800,0.2,0,0.5827135343458463,6
nurse,52920,0.6,0,0.5811312679982483,6
nurse,53040,0.4,0,0.57999385359235,6
nurse,53160,1.0,0,0.5806215697021698,6
nurse,53280,0.4,0,0.5805015028023928,6
nurse,53400,0.4,0,0.5794352802681876,6
nurse,53520,0.8,0,0.5784357140796536,6
nurse,53640,0.0,0,0.5786352334583733,6
nurse,53760,0.2,0,0.5782599253428542,6
nurse,53880,0.8,0,0.5771887562458206,6
nurse,54000,0.8,0,0.575908580089723,6
nurse,54120,1.0,0,0.5745819124692567,6
nurse,54240,0.4,0,0.5736595060631352,6
nurse,54360,1.0,1,0.5727296471990779,6
nurse,54480,0.4,0,0.5749314123920306,6
nurse,54600,0.6,0,0.5739089400943176,6
nurse,54720,0.8,0,0.5730780470593093,6
nurse,54840,0.4,0,0.57227797304584,6
nurse,54960,0.6,0,0.5718025183313525,6
nurse,55080,0.8,0,0.5705018525971584,6
nurse,55200,0.2,0,0.5723058629915666,6
nurse,55320,1.0,1,0.5707154699695475,6
nurse,55440,0.6,0,0.5698032962589062,6
nurse,55560,0.2,0,0.5685164344827229,6
nurse,55680,0.2,0,0.5676835145168735,6
nurse,55800,0.8,0,0.5711837760517315,6
nurse,55920,0.8,0,0.5717350379732543,6
nurse,56040,0.2,0,0.5708373700581225,6
nurse,56160,1.0,1,0.5758743000898593,6
nurse,56280,0.6,0,0.5749415970067445,6
nurse,56400,0.0,0,0.574494960054742,6
nurse,56520,0.2,0,0.5743703165334462,6
nurse,56640,1.0,0,0.5733419859454836,6
nurse,56760,0.4,0,0.5723679186549439,6
nurse,56880,0.4,0,0.5718429305436444,6
nurse,57000,0.6,0,0.5706834358651702,6
nurse,57120,0.0,0,0.5708240747216454,6
nurse,57240,0.6,0,0.5700317061343274,6
nurse,57360,0.6,0,0.5689224638122925,6
nurse,57480,1.0,0,0.5678491736595765,6
nurse,57600,0.6,0,0.5666369494617811,6
nurse,57720,0.6,0,0.5659819990502027,6
nurse,57840,0.2,0,0.5648812311566742,6
nurse,57960,0.2,0,0.5638955719344447,6
nurse,58080,0.2,0,0.5638517294038952,6
nurse,58200,0.6,0,0.5629628610162125,6
nurse,58320,0.6,0,0.5626221466026572,6
nurse,58440,0.4,0,0.561738788737147,6
nurse,58560,0.8,0,0.5606565141225504,6
nurse,58680,0.8,0,0.5597415922255667,6
nurse,58800,0.0,0,0.5588675897394033,6
nurse,58920,0.2,0,0.5578858507584832,6
nurse,59040,0.4,0,0.5568385682688528,6
nurse,59160,0.4,0,0.5561243353115106,6
nurse,59280,0.4,0,0.5555852499206171,6
nurse,59400,0.8,0,0.5545381447052161,6
nurse,59520,0.4,0,0.5536820313122628,6
nurse,59640,0.2,0,0.5524213034081228,6
nurse,59760,0.6,0,0.5512768096297592,6
nurse,59880,0.0,0,0.5503205619114075,6
nurse,60000,0.0,0,0.549257884038493,6
nurse,60120,1.0,2,0.5485708949155291,6
nurse,60240,0.8,0,0.5483840518314997,6
nurse,60360,0.2,0,0.5479086338379278,6
nurse,60480,0.6,0,0.5532700593090524,6
nurse,60600,0.8,0,0.5521042064249561,6
nurse,60720,0.4,0,0.5510805651631239,6
nurse,60840,0.8,0,0.5524505433782622,6
nurse,60960,0.0,0,0.5529753406818594,6
nurse,61080,0.0,0,0.5521803166657175,6
nurse,61200,0.6,0,0.5509920577514712,6
nurse,61320,0.4,0,0.5503460695381236,6
nurse,61440,1.0,0,0.5497344890555136,6
nurse,61560,0.6,0,0.5487975788838205,6
nurse,61680,0.4,0,0.5484143943833315,6
nurse,61800,0.4,0,0.5473870030760241,6
nurse,61920,0.4,0,0.546469845341507,6
nurse,62040,0.2,0,0.5453799292889052,6
nurse,62160,0.2,0,0.5445899988244554,6
nurse,62280,1.0,3,0.5461415230256189,6
nurse,62400,0.4,0,0.5481206728113449,6
nurse,62520,0.2,0,0.5479534214606968,6
nurse,62640,0.4,0,0.5468796075478918,6
nurse,62760,0.8,0,0.5459138662015086,6
nurse,62880,0.8,0,0.5465903065244817,6
nurse,63000,0.2,0,0.5461744255774443,6
nurse,63120,0.2,0,0.545316949802824,6
nurse,63240,0.6,0,0.5442855850005237,6
nurse,63360,0.8,0,0.5433010997248456,6
nurse,63480,0.0,0,0.542481795521679,6
nurse,63600,0.8,0,0.5416649586377766,6
nurse,63720,0.2,0,0.5410200385842537,6
nurse,63840,0.8,0,0.5433948657944716,6
nurse,63960,0.2,0,0.5432291146718397,6
nurse,64080,0.4,0,0.5421468502172574,6
nurse,64200,0.2,0,0.541169766216493,6
nurse,64320,0.2,0,0.5404054602497698,6
nurse,64440,0.4,0,0.5395350264766009,6
nurse,64560,0.8,0,0.538600766690494,6
nurse,64680,0.6,0,0.5383017462108445,6
nurse,64800,0.0,0,0.5373403154884135,6
nurse,64920,0.8,0,0.5364152906600289,6
nurse,65040,0.2,0,0.5353620115717845,6
nurse,65160,0.4,0,0.5346730421979023,6
nurse,65280,0.0,0,0.5347761849066045,6
nurse,65400,0.4,0,0.5338297361477681,6
nurse,65520,0.4,0,0.5329609571805106,6
nurse,65640,0.6,0,0.5322130631787622,6
nurse,65760,0.2,0,0.5313403708001743,6
nurse,65880,0.2,0,0.5302898454423193,6
nurse,66000,0.4,0,0.5302154347865623,6
nurse,66120,0.4,0,0.5305174140032989,6
nurse,66240,0.2,0,0.5296871557272951,6
nurse,66360,0.2,0,0.5289535170074509,6
nurse,66480,0.6,0,0.5282536747309194,6
nurse,66600,0.0,0,0.5273973043185666,6
nurse,66720,0.6,0,0.5263543925830374,6
nurse,66840,0.6,0,0.5254976416464113,6
nurse,66960,1.0,2,0.5252267607690716,6
nurse,67080,1.0,0,0.5265367230867286,6
nurse,67200,1.0,0,0.5257541394121289,6
nurse,67320,0.2,0,0.5249738108983971,6
nurse,67440,0.4,0,0.5244134071149686,6
nurse,67560,0.4,0,0.5239449305990909,6
nurse,67680,0.6,0,0.5232077124115724,6
nurse,67800,0.6,0,0.5221888374847704,6
nurse,67920,0.0,0,0.5212278110832981,6
nurse,68040,0.4,0,0.5209310416895059,6
nurse,68160,0.2,0,0.5200921668154834,6
nurse,68280,0.2,0,0.5199907239430082,6
nurse,68400,0.6,0,0.5190297093962032,6
nurse,68520,0.4,0,0.5181510251246042,6
nurse,68640,1.0,0,0.5173146281473526,6
nurse,68760,0.6,0,0.5166103123911678,6
nurse,68880,0.4,0,0.5156810493248958,6
nurse,69000,0.0,0,0.5150832968624812,6
nurse,69120,0.0,0,0.51442736768148,6
nurse,69240,0.0,0,0.5154013329664339,6
nurse,69360,0.6,0,0.5144325370265701,6
nurse,69480,0.6,0,0.5150041618971282,6
nurse,69600,1.0,1,0.5140273175849884,6
nurse,69720,0.2,0,0.5135843495632324,6
nurse,69840,0.4,0,0.5129658925794128,6
nurse,69960,0.6,0,0.5121396369666413,6
nurse,70080,0.8,0,0.5113200730508234,6
nurse,70200,0.2,0,0.5141777192651342,6
nurse,70320,0.6,0,0.5170601223055006,6
nurse,70440,0.2,0,0.5164132458374471,6
nurse,70560,1.0,0,0.5155422480786465,6
nurse,70680,0.4,0,0.5145782901101157,6
nurse,70800,0.6,0,0.5139376516413011,6
nurse,70920,0.0,0,0.5131825870008154,6
nurse,71040,0.6,0,0.512302017838411,6
nurse,71160,0.4,0,0.5117728039975159,6
nurse,71280,0.2,0,0.511514560694234,6
nurse,71400,0.4,0,0.5106402490351384,6
nurse,71520,0.6,0,0.5099249463945895,6
nurse,71640,0.6,0,0.5092401386774239,6
nurse,71760,0.6,0,0.5135842864285547,6
nurse,71880,0.6,0,0.5126934617233969,6
nurse,72000,0.2,0,0.5120369309278044,6
nurse,72120,1.0,2,0.511378300136591,6
nurse,72240,0.4,0,0.5118733535795625,6
nurse,72360,0.2,0,0.5112021823533164,6
nurse,72480,0.4,0,0.5106950846622585,6
nurse,72600,0.2,0,0.5099046223974413,6
nurse,72720,0.2,0,0.50909679190423,6
nurse,72840,0.6,0,0.5084513709906704,6
nurse,72960,1.0,0,0.5077237325249199,6
nurse,73080,0.0,0,0.5120729531374336,6
nurse,73200,0.2,0,0.5114124999171034,6
nurse,73320,0.4,0,0.510656013997103,6
nurse,73440,1.0,2,0.5105364516771721,6
nurse,73560,0.6,0,0.5175653060945744,6
nurse,73680,0.4,0,0.5168602146743592,6
nurse,73800,1.0,2,0.5167657771576832,6
nurse,73920,0.6,0,0.5165884482353637,6
nurse,74040,0.4,0,0.5253383266365557,6
nurse,74160,0.4,0,0.5245418422773495,6
nurse,74280,0.8,0,0.5237760877630762,6
nurse,74400,0.6,0,0.5228765714860796,6
nurse,74520,0.6,0,0.5221438171682531,6
nurse,74640,1.0,1,0.5237675657212705,6
nurse,74760,0.2,0,0.5235602731974389,6
nurse,74880,0.6,0,0.5226336675439199,6
nurse,75000,0.6,0,0.5216885593731029,6
nurse,75120,0.4,0,0.5210192273178825,6
nurse,75240,0.4,0,0.5211401370914861,6
nurse,75360,1.0,0,0.5213549944314697,6
nurse,75480,0.4,0,0.5205785495698092,6
nurse,75600,0.6,0,0.5196364871695411,6
nurse,75720,0.8,0,0.5190027841364079,6
nurse,75840,0.4,0,0.5185419680005763,6
nurse,75960,0.4,0,0.518018478505441,6
nurse,76080,0.2,0,0.5178514842248565,6
nurse,76200,0.4,0,0.5170837828966496,6
nurse,76320,0.2,0,0.5164983892035783,6
nurse,76440,0.2,0,0.5161560617409722,6
nurse,76560,0.0,0,0.5170120622879576,6
nurse,76680,0.8,0,0.5162540991619267,6
nurse,76800,0.6,0,0.5287917259849273,6
nurse,76920,0.4,0,0.5279581687195076,6
nurse,77040,0.4,0,0.5272704007961067,6
nurse,77160,0.8,0,0.5271289722153705,6
nurse,77280,0.4,0,0.52690692035828,6
nurse,77400,0.0,0,0.5260697963734629,6
nurse,77520,1.0,1,0.5251537019371171,6
nurse,77640,0.8,0,0.5249207440142885,6
nurse,77760,0.6,0,0.5240551250565221,6
nurse,77880,0.8,0,0.5233877299357189,6
nurse,78000,0.4,0,0.5235080824504779,6
nurse,78120,1.0,1,0.5240816734194299,6
nurse,78240,0.6,0,0.5317089181797445,6
nurse,78360,0.4,0,0.5331464120966543,6
nurse,78480,0.0,0,0.5324654403344095,6
nurse,78600,0.4,0,0.5316679489625764,6
nurse,78720,0.0,0,0.5309765066336507,6
nurse,78840,0.4,0,0.5306355573246063,6
nurse,78960,0.8,0,0.5300337255971814,6
nurse,79080,0.2,0,0.5304905672109776,6
nurse,79200,0.6,0,0.5296535994192425,6
nurse,79320,0.8,0,0.5290648273614906,6
nurse,79440,0.8,0,0.5282692626257948,6
nurse,79560,0.8,0,0.5276130553034764,6
nurse,79680,0.6,0,0.5269313619291307,6
nurse,79800,0.4,0,0.5263229877850432,6
nurse,79920,0.2,0,0.5256995380074334,6
nurse,80040,0.2,0,0.5248099589041703,6
nurse,80160,0.8,0,0.5239972755170865,6
nurse,80280,0.6,0,0.5245388812645553,6
nurse,80400,0.4,0,0.5274762215596338,6
nurse,80520,0.4,0,0.5266494603408414,6
nurse,80640,0.6,0,0.5259290203224144,6
nurse,80760,1.0,0,0.5269173193360186,6
nurse,80880,0.4,0,0.526509645119064,6
nurse,81000,0.2,0,0.5272273483792714,6
nurse,81120,0.6,0,0.5264874970908262,6
nurse,81240,1.0,1,0.5260267961418174,6
nurse,81360,0.4,0,0.5283948067159894,6
nurse,81480,0.8,0,0.5274233190341188,6
nurse,81600,0.4,0,0.5266487596268825,6
nurse,81720,0.0,0,0.5260564696913578,6
nurse,81840,0.4,0,0.526077194744416,6
nurse,81960,0.6,0,0.5254357310625838,6
nurse,38880,0.0,0,0.5011489279847596,7
nurse,39000,0.8,0,0.5036082081277389,7
nurse,39120,0.6,0,0.5022983657220799,7
nurse,39240,0.6,0,0.5029364045331446,7
nurse,39360,0.6,0,0.5022677538153281,7
nurse,39480,1.0,0,0.5079226497206559,7
nurse,39600,0.4,0,0.5066904452600893,7
nurse,39720,0.0,0,0.5067532426707374,7
nurse,39840,0.4,0,0.5055700169894293,7
nurse,39960,0.2,0,0.5057627569853156,7
nurse,40080,1.0,0,0.5045334369359287,7
nurse,40200,0.6,0,0.5033639312205676,7
nurse,40320,1.0,1,0.505106982915895,7
nurse,40440,0.4,0,0.5042375350933473,7
nurse,40560,0.4,0,0.503277756174616,7
nurse,40680,0.0,0,0.5020706138451947,7
nurse,40800,0.8,0,0.5005698049158047,7
nurse,40920,0.6,0,0.5004709670754145,7
nurse,41040,1.0,1,0.5005441466010219,7
nurse,41160,1.0,3,0.5015315326246647,7
nurse,41280,1.0,0,0.5135609312437507,7
nurse,41400,1.0,4,0.5153003131489007,7
nurse,41520,1.0,0,0.5190309702563052,7
nurse,41640,0.8,0,0.5182184202251602,7
nurse,41760,1.0,0,0.5166141113355864,7
nurse,41880,0.4,0,0.5154749103565595,7
nurse,42000,0.2,0,0.5145804989199921,7
nurse,42120,0.6,0,0.5134639412326679,7
nurse,42240,0.8,0,0.5136364355868265,7
nurse,42360,0.2,0,0.5124546433853038,7
nurse,42480,0.4,0,0.5107897166891646,7
nurse,42600,0.6,0,0.5091840717424376,7
nurse,42720,0.6,0,0.5081578086175909,7
nurse,42840,0.4,0,0.5069545556136656,7
nurse,42960,0.4,0,0.5057142216282242,7
nurse,43080,0.2,0,0.5047928891794173,7
nurse,43200,0.4,0,0.5032275663695206,7
nurse,43320,0.6,0,0.502836145680723,7
nurse,43440,0.0,0,0.501519574511931,7
nurse,43560,0.4,0,0.5006470081291696,7
nurse,43680,0.6,0,0.4996191244131523,7
nurse,43800,0.0,0,0.5007083788333258,7
nurse,43920,1.0,1,0.4994569555038339,7
nurse,44040,0.6,0,0.5007884558906934,7
nurse,44160,0.8,0,0.4994046801076298,7
nurse,44280,1.0,1,0.49910970464500415,7
nurse,44400,1.0,0,0.4993604046177011,7
nurse,44520,0.8,0,0.4995684142484714,7
nurse,44640,0.8,0,0.49918617257977155,7
nurse,44760,0.8,0,0.49985997368040935,7
nurse,44880,0.2,0,0.49877243498325313,7
nurse,45000,0.4,0,0.49819002141154967,7
nurse,45120,0.8,0,0.4980873230597531,7
nurse,45240,0.8,0,0.49882182980175954,7
nurse,45360,0.2,0,0.5028149700365687,7
nurse,45480,0.6,0,0.5012723962561422,7
nurse,45600,0.6,0,0.5001996777978145,7
nurse,45720,0.2,0,0.4989095861350489,7
nurse,45840,0.0,0,0.49820912316464944,7
nurse,45960,1.0,0,0.5015312902643724,7
nurse,46080,0.8,0,0.5005860423422509,7
nurse,46200,0.8,0,0.5010956598190426,7
nurse,46320,0.2,0,0.5007315258539999,7
nurse,46440,0.4,0,0.49946141177635067,7
nurse,46560,0.8,0,0.49850216681265974,7
nurse,46680,0.2,0,0.4978560145052127,7
nurse,46800,0.6,0,0.49756949311824733,7
nurse,46920,0.6,0,0.5122354096811912,7
nurse,47040,0.6,0,0.511187567022781,7
nurse,47160,0.6,0,0.5100419992980273,7
nurse,47280,0.8,0,0.5090725943770295,7
nurse,47400,0.6,0,0.5080289707281521,7
nurse,47520,0.6,0,0.5066823355770125,7
nurse,47640,0.4,0,0.5063250462082908,7
nurse,47760,0.2,0,0.5052900576120043,7
nurse,47880,1.0,5,0.5087409476985368,7
nurse,48000,1.0,4,0.584724345038401,7
nurse,48120,0.6,0,0.5879915834964748,7
nurse,48240,0.6,0,0.5881609511863511,7
nurse,48360,0.2,0,0.5887313066423362,7
nurse,48480,0.2,0,0.5875000633207654,7
nurse,48600,0.6,0,0.5863509947915035,7
nurse,48720,1.0,0,0.5851375540487296,7
nurse,48840,0.4,0,0.5839280480911351,7
nurse,48960,0.8,0,0.5824766942019277,7
nurse,49080,0.0,0,0.5814169450063899,7
nurse,49200,0.6,0,0.5799301904658305,7
nurse,49320,0.4,0,0.5784034306061095,7
nurse,49440,0.4,0,0.5772735661457814,7
nurse,49560,0.6,0,0.5777836936087486,7
nurse,49680,0.4,0,0.5764634762575948,7
nurse,49800,0.4,0,0.5753835169879096,7
nurse,49920,0.8,0,0.5740980756770453,7
nurse,50040,0.4,0,0.575678390937723,7
nurse,50160,0.6,0,0.5747251778454134,7
nurse,50280,0.8,0,0.575393049466258,7
nurse,50400,0.8,0,0.5742386196317681,7
nurse,50520,0.2,0,0.5773658054232841,7
nurse,50640,0.2,0,0.5762105192750864,7
nurse,50760,0.2,0,0.578189685626933,7
nurse,50880,0.0,0,0.5773143386925178,7
nurse,51000,0.6,0,0.5758918170726572,7
nurse,51120,0.2,0,0.5749321497056896,7
nurse,51240,0.4,0,0.5761438701508989,7
nurse,51360,0.4,0,0.5749607297493566,7
nurse,51480,0.4,0,0.5736152016230333,7
nurse,51600,0.4,0,0.5720376020586132,7
nurse,51720,0.4,0,0.5708863418768945,7
nurse,51840,0.4,0,0.5698141709554571,7
nurse,51960,0.8,0,0.5694534424624481,7
nurse,52080,0.8,0,0.5722977143058157,7
nurse,52200,0.8,0,0.570890144994536,7
nurse,52320,1.0,0,0.5698017083034229,7
nurse,52440,0.2,0,0.5684485074553618,7
nurse,52560,0.2,0,0.5674401536321724,7
nurse,52680,0.4,0,0.566546686925487,7
nurse,52800,0.4,0,0.5657633824962176,7
nurse,52920,0.2,0,0.5654298328799339,7
nurse,53040,0.8,0,0.5670070244341873,7
nurse,53160,0.0,0,0.5658109069227636,7
nurse,53280,0.0,0,0.5720714596699177,7
nurse,53400,0.4,0,0.5712025783520716,7
nurse,53520,0.4,0,0.5701201812885682,7
nurse,53640,0.8,0,0.5692177658430624,7
nurse,53760,0.6,0,0.5685057674423039,7
nurse,53880,0.2,0,0.567776528926759,7
nurse,54000,0.0,0,0.5736842489178775,7
nurse,54120,0.6,0,0.5731113695555653,7
nurse,54240,0.8,0,0.5719157002502957,7
nurse,54360,0.6,0,0.570957006957172,7
nurse,54480,0.2,0,0.5699810770829101,7
nurse,54600,0.4,0,0.5687507494881651,7
nurse,54720,0.2,0,0.5694778540629951,7
nurse,54840,1.0,0,0.5690715220472803,7
nurse,54960,0.2,0,0.5684145665493008,7
nurse,55080,1.0,0,0.5676633756504703,7
nurse,55200,0.4,0,0.566828330967254,7
nurse,55320,0.2,0,0.5657464386896774,7
nurse,55440,0.4,0,0.5657190036844744,7
nurse,55560,0.6,0,0.5646849337062547,7
nurse,55680,0.8,0,0.5639468652766867,7
nurse,55800,0.4,0,0.5632389837649455,7
nurse,55920,0.4,0,0.5619305520059271,7
nurse,56040,0.4,0,0.5609125618754818,7
nurse,56160,1.0,4,0.5609360740059682,7
nurse,56280,0.4,0,0.5670354728041317,7
nurse,56400,0.4,0,0.5658511711324486,7
nurse,56520,0.2,0,0.5648341848435692,7
nurse,56640,0.6,0,0.5642198821019616,7
nurse,56760,0.4,0,0.5633714311514321,7
nurse,56880,0.8,0,0.5624554776731293,7
nurse,57000,0.2,0,0.5822252156205201,7
nurse,57120,0.6,0,0.5808140843121997,7
nurse,57240,0.8,0,0.5813822056250286,7
nurse,57360,0.4,0,0.5810644917793221,7
nurse,57480,0.8,0,0.5800625448677507,7
nurse,57600,1.0,1,0.5793141120853,7
nurse,57720,0.0,0,0.580433952008875,7
nurse,57840,0.2,0,0.5798548369739297,7
nurse,57960,0.6,0,0.578636313220132,7
nurse,58080,0.4,0,0.5808336115845166,7
nurse,58200,0.2,0,0.5798895248444723,7
nurse,58320,0.2,0,0.5804657336571533,7
nurse,58440,0.8,0,0.5794741869028442,7
nurse,58560,0.6,0,0.580440281969106,7
nurse,58680,0.6,0,0.5802804833974209,7
nurse,58800,0.2,0,0.5801675504564163,7
nurse,58920,0.2,0,0.5792875996732353,7
nurse,59040,0.8,0,0.578537667139539,7
nurse,59160,0.4,0,0.5786061250060819,7
nurse,59280,0.2,0,0.5773781665015847,7
nurse,59400,1.0,1,0.5765877490199988,7
nurse,59520,0.4,0,0.5758776081826691,7
nurse,59640,0.6,0,0.5749756548297101,7
nurse,59760,0.6,0,0.5758018688469204,7
nurse,59880,0.4,0,0.5745914628026908,7
nurse,60000,0.6,0,0.5744468417204287,7
nurse,60120,0.6,0,0.5734380873043319,7
nurse,60240,0.6,0,0.5722354031636685,7
nurse,60360,0.6,0,0.5801867810079768,7
nurse,60480,1.0,0,0.5788903983344181,7
nurse,60600,0.8,0,0.5796435843940465,7
nurse,60720,0.4,0,0.5786389506961801,7
nurse,60840,1.0,0,0.5794395365345899,7
nurse,60960,0.8,0,0.57999951807139,7
nurse,61080,0.8,0,0.5810297471643733,7
nurse,61200,0.2,0,0.5799904068189755,7
nurse,61320,0.8,0,0.5792762175605526,7
nurse,61440,0.6,0,0.5783811080710446,7
nurse,61560,0.6,0,0.5773051109492866,7
nurse,61680,0.8,0,0.5760156369135307,7
nurse,61800,0.4,0,0.5750930943974641,7
nurse,61920,0.2,0,0.5740015504654316,7
nurse,62040,0.0,0,0.5730990920573236,7
nurse,62160,0.4,0,0.572276586999899,7
nurse,62280,1.0,2,0.5711587865174459,7
nurse,62400,0.2,0,0.5711119663093537,7
nurse,62520,1.0,1,0.569914045029387,7
nurse,62640,0.6,0,0.5705878601137083,7
nurse,62760,0.4,0,0.5701907424079222,7
nurse,62880,0.4,0,0.569378393867295,7
nurse,63000,0.4,0,0.5684229567570618,7
nurse,63120,0.2,0,0.5675937956812069,7
nurse,63240,0.4,0,0.5668263812843711,7
nurse,63360,0.6,0,0.5656289374214697,7
nurse,63480,0.6,0,0.5645099432201095,7
nurse,63600,0.2,0,0.5637536619564655,7
nurse,63720,1.0,1,0.563419526715838,7
nurse,63840,0.6,0,0.5624023252751266,7
nurse,63960,0.4,0,0.5613677104925218,7
nurse,64080,0.6,0,0.5602659441724669,7
nurse,64200,0.8,0,0.5605218133227853,7
nurse,64320,0.8,0,0.5602338816587323,7
nurse,64440,0.0,0,0.5600740522243299,7
nurse,64560,1.0,0,0.5620946144873075,7
nurse,64680,0.8,0,0.5611782899543166,7
nurse,64800,0.8,0,0.5601207860034416,7
nurse,64920,0.4,0,0.5600751623354532,7
nurse,65040,0.2,0,0.5592722622647902,7
nurse,65160,0.4,0,0.5584543260723457,7
nurse,65280,0.4,0,0.5572329442957413,7
nurse,65400,0.8,0,0.5567079950448331,7
nurse,65520,0.6,0,0.555743998516617,7
nurse,65640,0.4,0,0.5559154205083588,7
nurse,65760,0.6,0,0.5557005915772213,7
nurse,65880,0.2,0,0.5549145935693326,7
nurse,66000,0.4,0,0.5550699042738498,7
nurse,66120,0.4,0,0.5542196133665673,7
nurse,66240,0.0,0,0.5533719235327244,7
nurse,66360,1.0,0,0.5538503569183129,7
nurse,66480,0.2,0,0.5537618288732166,7
nurse,66600,0.4,0,0.5528857833879289,7
nurse,66720,1.0,0,0.5536968481324297,7
nurse,66840,0.2,0,0.5530298851765794,7
nurse,66960,1.0,1,0.5537793149544464,7
nurse,67080,0.2,0,0.55701469176409,7
nurse,67200,0.8,0,0.5561788714332536,7
nurse,67320,0.4,0,0.5554547809331162,7
nurse,67440,0.8,0,0.5549371444430317,7
nurse,67560,1.0,5,0.5581699949444897,7
nurse,67680,0.2,0,0.5627526406941136,7
nurse,67800,0.8,0,0.5616886993929808,7
nurse,67920,0.6,0,0.5625484505675729,7
nurse,68040,0.6,0,0.5617437561574151,7
nurse,68160,1.0,0,0.56118011371777,7
nurse,68280,1.0,1,0.5602801456095268,7
nurse,68400,1.0,0,0.5630623943643872,7
nurse,68520,0.0,0,0.5621016917890308,7
nurse,68640,0.2,0,0.5616066783345102,7
nurse,68760,0.8,0,0.5607191659900717,7
nurse,68880,0.4,0,0.5605996554529077,7
nurse,69000,0.4,0,0.5595132220121073,7
nurse,69120,0.2,0,0.5595136255760713,7
nurse,69240,0.8,0,0.5584010122137139,7
nurse,69360,0.8,0,0.557390420154713,7
nurse,69480,0.2,0,0.5568420633810575,7
nurse,69600,0.2,0,0.5566236369355022,7
nurse,69720,0.4,0,0.555803549240346,7
nurse,69840,0.6,0,0.5548050033100969,7
nurse,69960,0.4,0,0.5539382208144729,7
nurse,70080,0.2,0,0.5533298845220345,7
nurse,70200,0.2,0,0.5527228829166119,7
nurse,70320,0.8,0,0.5521951251948005,7
nurse,70440,0.6,0,0.5512441455792902,7
nurse,70560,0.8,0,0.550172911496443,7
nurse,70680,1.0,1,0.5514852166562234,7
nurse,70800,1.0,0,0.5511968443096179,7
nurse,70920,1.0,1,0.5508136899872267,7
nurse,71040,0.6,0,0.5514986967907706,7
nurse,71160,0.6,0,0.5506518778182188,7
nurse,71280,0.8,0,0.5499054287167744,7
nurse,71400,0.2,0,0.5491883098836122,7
nurse,71520,0.2,0,0.5484420033643208,7
nurse,71640,0.6,0,0.5480826806631751,7
nurse,71760,0.0,0,0.547391469638708,7
nurse,71880,0.4,0,0.5468977125345124,7
nurse,72000,0.6,0,0.5463432994445357,7
nurse,72120,0.2,0,0.5457771121282304,7
nurse,72240,0.2,0,0.5452812129272773,7
nurse,72360,0.0,0,0.5448585414493168,7
nurse,72480,0.8,0,0.5440675049855722,7
nurse,72600,0.2,0,0.5433682675797458,7
nurse,72720,0.6,0,0.5426257258996703,7
nurse,72840,0.2,0,0.5419789749478253,7
nurse,72960,0.8,0,0.5436554236649846,7
nurse,73080,1.0,1,0.543718153280147,7
nurse,73200,1.0,6,0.5478211782724545,7
nurse,73320,0.6,0,0.5516175588143861,7
nurse,73440,0.0,0,0.5513124855936317,7
nurse,73560,0.8,0,0.5504308234075604,7
nurse,73680,0.2,0,0.5506013736079071,7
nurse,73800,1.0,3,0.5496414559442738,7
nurse,73920,0.8,0,0.5513727285431361,7
nurse,74040,0.2,0,0.5530263436649853,7
nurse,74160,0.6,0,0.5521630740328567,7
nurse,74280,0.2,0,0.5519227667724125,7
nurse,74400,0.6,0,0.5513211505016772,7
nurse,74520,0.4,0,0.5505709720461964,7
nurse,74640,0.4,0,0.5498826086869302,7
nurse,74760,0.2,0,0.5491959644608703,7
nurse,74880,0.0,0,0.5484218199731511,7
nurse,75000,0.2,0,0.5478574777623901,7
nurse,75120,1.0,1,0.5471852248147061,7
nurse,75240,1.0,0,0.5476324129196987,7
nurse,75360,0.2,0,0.5472216242478901,7
nurse,75480,0.0,0,0.5470792789229393,7
nurse,75600,0.0,0,0.5463734460719475,7
nurse,75720,0.8,0,0.5455607691192131,7
nurse,75840,1.0,4,0.5450524811088959,7
nurse,75960,0.8,0,0.5473855831734229,7
nurse,76080,0.4,0,0.548708816623352,7
nurse,76200,0.4,0,0.5478344881214458,7
nurse,76320,1.0,0,0.5471320618983142,7
nurse,76440,0.6,0,0.5462455893946817,7
nurse,76560,1.0,0,0.54875426618456,7
nurse,76680,0.6,0,0.5477518082471758,7
nurse,76800,0.8,0,0.5474913029840194,7
nurse,76920,0.4,0,0.5504582779549125,7
nurse,77040,1.0,2,0.5508155720853387,7
nurse,77160,0.2,0,0.5501128276186974,7
nurse,77280,0.4,0,0.5492469627273775,7
nurse,77400,0.4,0,0.5486137254786613,7
nurse,77520,0.6,0,0.5485178171959528,7
nurse,77640,0.6,0,0.5476868598382405,7
nurse,77760,0.2,0,0.5471342379616912,7
nurse,77880,0.2,0,0.5466832863201376,7
nurse,78000,0.6,0,0.5464772340580527,7
nurse,78120,1.0,0,0.5456984147630785,7
nurse,78240,0.4,0,0.5449749956531478,7
nurse,78360,0.2,0,0.5442871339242944,7
nurse,78480,0.6,0,0.5437253325384422,7
nurse,78600,0.8,0,0.5459957706667452,7
nurse,78720,0.2,0,0.545271300597936,7
nurse,78840,0.6,0,0.5454623082015503,7
nurse,78960,0.2,0,0.5446012717921189,7
nurse,79080,0.2,0,0.5440982791864307,7
nurse,79200,1.0,2,0.5470078251485501,7
nurse,79320,0.4,0,0.5479245718929466,7
nurse,79440,0.6,0,0.5469735082088358,7
nurse,79560,0.2,0,0.5485212475741551,7
nurse,79680,0.6,0,0.5500932757126855,7
nurse,79800,1.0,0,0.5494292046802468,7
nurse,79920,0.8,0,0.5539745274969778,7
nurse,80040,0.6,0,0.5535117396405098,7
nurse,80160,1.0,0,0.552702749884688,7
nurse,80280,0.2,0,0.5522565909375003,7
nurse,80400,0.8,0,0.5522893234242349,7
nurse,80520,0.0,0,0.5515667226588852,7
nurse,80640,1.0,0,0.5556031268178511,7
nurse,80760,0.6,0,0.5549510300244115,7
nurse,80880,0.2,0,0.5543672806940912,7
nurse,81000,0.6,0,0.5538124695644935,7
nurse,81120,1.0,1,0.5530635847414873,7
nurse,81240,0.6,0,0.5524348320764884,7
nurse,81360,0.6,0,0.5516093579039382,7
nurse,81480,0.2,0,0.5523104499026605,7
nurse,81600,1.0,1,0.551430112429011,7
nurse,81720,0.4,0,0.5507545977650588,7
nurse,81840,0.2,0,0.5500015091445477,7
nurse,81960,0.6,0,0.5490970458705751,7
nurse,38880,0.2,0,0.4657699455231101,8
nurse,39000,0.8,0,0.4645391197341633,8
nurse,39120,0.4,0,0.4639857377505547,8
nurse,39240,0.6,0,0.4627106258869535,8
nurse,39360,0.4,0,0.4630424624261167,8
nurse,39480,0.2,0,0.4617316557384277,8
nurse,39600,1.0,1,0.4613616288805846,8
nurse,39720,0.0,0,0.46172509799899975,8
nurse,39840,0.2,0,0.46027636429833424,8
nurse,39960,0.2,0,0.459264161178126,8
nurse,40080,0.6,0,0.4578910373157238,8
nurse,40200,0.4,0,0.4570256309983061,8
nurse,40320,0.6,0,0.45609800824828994,8
nurse,40440,0.6,0,0.45556870824284423,8
nurse,40560,0.4,0,0.45439114773194944,8
nurse,40680,0.4,0,0.4532734992969536,8
nurse,40800,0.2,0,0.45233891476232063,8
nurse,40920,1.0,1,0.4508339217980463,8
nurse,41040,0.6,0,0.46085686392386616,8
nurse,41160,0.0,0,0.45978082882957944,8
nurse,41280,0.2,0,0.4586192755466766,8
nurse,41400,0.6,0,0.4574676082361783,8
nurse,41520,1.0,0,0.45640824673505254,8
nurse,41640,1.0,0,0.45715973804949744,8
nurse,41760,0.6,0,0.45786029546741863,8
nurse,41880,0.4,0,0.4571470035290803,8
nurse,42000,1.0,1,0.4557959159983908,8
nurse,42120,0.4,0,0.4569277436508828,8
nurse,42240,0.2,0,0.4570882300507963,8
nurse,42360,0.8,0,0.4561866428084983,8
nurse,42480,1.0,1,0.4568266120534892,8
nurse,42600,0.4,0,0.4584191689218171,8
nurse,42720,0.6,0,0.46305268363941127,8
nurse,42840,0.2,0,0.46699799114317725,8
nurse,42960,0.6,0,0.4661186802952413,8
nurse,43080,1.0,1,0.4650374994632334,8
nurse,43200,0.4,0,0.464821494956402,8
nurse,43320,0.4,0,0.46379160981248085,8
nurse,43440,0.4,0,0.46716776512781116,8
nurse,43560,0.2,0,0.46592232310791426,8
nurse,43680,0.2,0,0.46466261087168004,8
nurse,43800,1.0,0,0.46422874688295607,8
nurse,43920,0.4,0,0.4630597962590295,8
nurse,44040,0.8,0,0.4619274351566051,8
nurse,44160,0.6,0,0.466614965938114,8
nurse,44280,0.2,0,0.4661921407834811,8
nurse,44400,0.4,0,0.46501817010788643,8
nurse,44520,0.8,0,0.4638917130297496,8
nurse,44640,1.0,0,0.46488451003191417,8
nurse,44760,0.0,0,0.4640995974009109,8
nurse,44880,1.0,0,0.46545380714649276,8
nurse,45000,0.8,0,0.4649777203701786,8
nurse,45120,0.2,0,0.46412027913815385,8
nurse,45240,0.6,0,0.4638374405970471,8
nurse,45360,0.8,0,0.462855774056101,8
nurse,45480,0.2,0,0.46484072200892096,8
nurse,45600,0.6,0,0.46370603976404956,8
nurse,45720,0.0,0,0.46370498594247206,8
nurse,45840,0.2,0,0.4629993519849359,8
nurse,45960,0.8,0,0.4629761432031979,8
nurse,46080,0.4,0,0.4717817055335139,8
nurse,46200,0.6,0,0.47227659923234744,8
nurse,46320,0.4,0,0.4718089101594676,8
nurse,46440,0.0,0,0.4708809944710942,8
nurse,46560,0.2,0,0.4713458715907573,8
nurse,46680,0.2,0,0.4703756914090953,8
nurse,46800,1.0,0,0.46906434605978065,8
nurse,46920,0.4,0,0.46867982160960303,8
nurse,47040,0.0,0,0.4676431839777996,8
nurse,47160,1.0,2,0.4667030527713938,8
nurse,47280,0.0,0,0.46679891367825843,8
nurse,47400,0.2,0,0.4664358805743662,8
nurse,47520,0.8,0,0.4669960279319291,8
nurse,47640,0.6,0,0.46633028102170826,8
nurse,47760,1.0,0,0.4654709020484734,8
nurse,47880,0.4,0,0.4655125930141921,8
nurse,48000,0.2,0,0.4645038142662034,8
nurse,48120,1.0,0,0.46984648388094147,8
nurse,48240,0.6,0,0.4693328156340146,8
nurse,48360,0.4,0,0.46859468770610757,8
nurse,48480,0.0,0,0.4675111423055153,8
nurse,48600,0.0,0,0.4693933647405702,8
nurse,48720,0.6,0,0.46800154060421323,8
nurse,48840,0.2,0,0.4669663086202452,8
nurse,48960,0.6,0,0.4659737379838714,8
nurse,49080,0.4,0,0.46528904187907866,8
nurse,49200,0.8,0,0.46422779901804334,8
nurse,49320,0.2,0,0.46324690322166223,8
nurse,49440,0.8,0,0.46229391782290685,8
nurse,49560,0.6,0,0.4615452690045634,8
nurse,49680,0.4,0,0.4606021135690455,8
nurse,49800,1.0,0,0.45946233538933173,8
nurse,49920,0.2,0,0.4593994211509134,8
nurse,50040,0.6,0,0.4587129357537697,8
nurse,50160,0.8,0,0.4591349243119887,8
nurse,50280,0.6,0,0.45957048963215,8
nurse,50400,1.0,0,0.4601315818816674,8
nurse,50520,1.0,0,0.4642297059230058,8
nurse,50640,0.6,0,0.4682649497309089,8
nurse,50760,1.0,0,0.4671584888185758,8
nurse,50880,0.8,0,0.46669425960839794,8
nurse,51000,0.2,0,0.4658792295731689,8
nurse,51120,0.6,0,0.46565457661488496,8
nurse,51240,0.2,0,0.4648579242810973,8
nurse,51360,0.2,0,0.4639716426112548,8
nurse,51480,1.0,0,0.46318591026575295,8
nurse,51600,0.8,0,0.4620484478151085,8
nurse,51720,0.6,0,0.46158808354782627,8
nurse,51840,0.0,0,0.46098195057854524,8
nurse,51960,0.4,0,0.46243155659397045,8
nurse,52080,0.4,0,0.4624040032206361,8
nurse,52200,0.8,0,0.4621015741951444,8
nurse,52320,0.2,0,0.4623029534403287,8
nurse,52440,0.6,0,0.46328986494830143,8
nurse,52560,0.4,0,0.4622691701155504,8
nurse,52680,0.4,0,0.4615452942056241,8
nurse,52800,0.2,0,0.46056035977678494,8
nurse,52920,1.0,6,0.46508958193378414,8
nurse,53040,0.2,0,0.46894127188240636,8
nurse,53160,1.0,0,0.47133470893474577,8
nurse,53280,0.4,0,0.4709121095015385,8
nurse,53400,0.0,0,0.4702434502024929,8
nurse,53520,0.8,0,0.46908126143523116,8
nurse,53640,0.2,0,0.46897371078691674,8
nurse,53760,0.8,0,0.46803353480004056,8
nurse,53880,0.2,0,0.46741005233184596,8
nurse,54000,0.6,0,0.466434695957847,8
nurse,54120,0.4,0,0.4709878559323663,8
nurse,54240,1.0,0,0.4729413861058295,8
nurse,54360,1.0,0,0.4722391845130741,8
nurse,54480,0.2,0,0.4718009710899142,8
nurse,54600,0.4,0,0.4706694154065344,8
nurse,54720,0.6,0,0.469536760939356,8
nurse,54840,0.4,0,0.47006552286609005,8
nurse,54960,0.2,0,0.4708364028904266,8
nurse,55080,0.8,0,0.4700854131953937,8
nurse,55200,1.0,4,0.469749377289079,8
nurse,55320,0.2,0,0.48705117750754595,8
nurse,55440,0.4,0,0.48631380639315924,8
nurse,55560,0.6,0,0.48543888949910124,8
nurse,55680,0.4,0,0.48612653587439536,8
nurse,55800,0.4,0,0.48525515397170244,8
nurse,55920,0.4,0,0.486723182429175,8
nurse,56040,0.2,0,0.49240885771943665,8
nurse,56160,0.6,0,0.49228976847700273,8
nurse,56280,0.0,0,0.4921361128256156,8
nurse,56400,0.4,0,0.4911937245244602,8
nurse,56520,0.4,0,0.49076275504894756,8
nurse,56640,0.6,0,0.48979204601098686,8
nurse,56760,0.4,0,0.49162086950866435,8
nurse,56880,1.0,1,0.4904275183405947,8
nurse,57000,1.0,0,0.49168053240410386,8
nurse,57120,0.6,0,0.4935342061050919,8
nurse,57240,0.4,0,0.49239710991005825,8
nurse,57360,0.6,0,0.49150512604097973,8
nurse,57480,1.0,1,0.4905226400128903,8
nurse,57600,0.2,0,0.4911592183012237,8
nurse,57720,0.6,0,0.4901391576193936,8
nurse,57840,1.0,5,0.4895048179646259,8
nurse,57960,0.2,0,0.5012619244265855,8
nurse,58080,0.2,0,0.500484159843875,8
nurse,58200,0.6,0,0.4996006081851049,8
nurse,58320,0.4,0,0.49873649105497386,8
nurse,58440,0.4,0,0.4979376581550954,8
nurse,58560,0.4,0,0.49764419928525944,8
nurse,58680,0.0,0,0.49703400885016846,8
nurse,58800,0.6,0,0.49762559287063163,8
nurse,58920,0.4,0,0.49691277461201794,8
nurse,59040,0.2,0,0.49674179222656534,8
nurse,59160,0.6,0,0.4955673824232734,8
nurse,59280,0.4,0,0.4948682327692648,8
nurse,59400,0.2,0,0.49449907545176364,8
nurse,59520,0.4,0,0.4938346688730751,8
nurse,59640,0.6,0,0.4927110405024881,8
nurse,59760,0.4,0,0.49182238331520906,8
nurse,59880,0.8,0,0.4907473538144066,8
nurse,60000,0.4,0,0.48991894904643557,8
nurse,60120,0.6,0,0.4892652780536798,8
nurse,60240,1.0,3,0.4891811253780594,8
nurse,60360,0.4,0,0.4894846848455394,8
nurse,60480,0.8,0,0.4885148961422395,8
nurse,60600,0.4,0,0.48799298228560006,8
nurse,60720,0.6,0,0.48709381122058304,8
nurse,60840,0.2,0,0.48676682408777555,8
nurse,60960,0.6,0,0.48808073887689735,8
nurse,61080,0.8,0,0.4871552555875401,8
nurse,61200,0.6,0,0.48676232626319355,8
nurse,61320,0.2,0,0.48591450524025737,8
nurse,61440,0.0,0,0.48756244815477207,8
nurse,61560,0.2,0,0.4872912435033771,8
nurse,61680,0.6,0,0.48650172431429184,8
nurse,61800,0.4,0,0.48577580445162777,8
nurse,61920,0.0,0,0.4849601653870013,8
nurse,62040,0.8,0,0.4909703996113604,8
nurse,62160,1.0,1,0.4901036627876486,8
nurse,62280,0.6,0,0.48960635944496284,8
nurse,62400,0.6,0,0.4888438942931301,8
nurse,62520,0.0,0,0.48815635013800623,8
nurse,62640,0.6,0,0.48773964325326163,8
nurse,62760,0.6,0,0.48808022708906906,8
nurse,62880,1.0,0,0.48711876765971396,8
nurse,63000,0.4,0,0.48922758105648323,8
nurse,63120,0.2,0,0.4885462055954018,8
nurse,63240,1.0,0,0.488370513804357,8
nurse,63360,0.4,0,0.4879269075162951,8
nurse,63480,1.0,1,0.48908526294962323,8
nurse,63600,0.6,0,0.48901123642867206,8
nurse,63720,0.4,0,0.48857757924138184,8
nurse,63840,0.6,0,0.4879045230896404,8
nurse,63960,0.2,0,0.4886130209149252,8
nurse,64080,0.8,0,0.48909627856603344,8
nurse,64200,0.6,0,0.48825732116996085,8
nurse,64320,0.2,0,0.4874478344186923,8
nurse,64440,1.0,4,0.4875175330271,8
nurse,64560,0.8,0,0.4888066683770762,8
nurse,64680,0.6,0,0.48846094871548723,8
nurse,64800,0.0,0,0.4875881595896247,8
nurse,64920,0.4,0,0.48680830648004486,8
nurse,65040,0.8,0,0.48857184274754095,8
nurse,65160,0.2,0,0.4878074452321463,8
nurse,65280,0.6,0,0.48694197152710805,8
nurse,65400,0.6,0,0.48711549763000367,8
nurse,65520,0.0,0,0.48641987555940125,8
nurse,65640,0.6,0,0.48579887626541696,8
nurse,65760,0.4,0,0.48543965026981795,8
nurse,65880,1.0,0,0.4846098424696299,8
nurse,66000,0.8,0,0.48487017234452506,8
nurse,66120,0.2,0,0.4842969754257427,8
nurse,66240,1.0,0,0.48348038411465527,8
nurse,66360,0.2,0,0.48306273133766814,8
nurse,66480,0.2,0,0.48227962153604004,8
nurse,66600,0.4,0,0.48156202140712906,8
nurse,66720,0.0,0,0.48081268796068793,8
nurse,66840,0.6,0,0.47997963933176807,8
nurse,66960,0.6,0,0.48108724466674974,8
nurse,67080,1.0,0,0.48216614833596916,8
nurse,67200,0.6,0,0.48161634465543773,8
nurse,67320,1.0,0,0.4810766431894276,8
nurse,67440,0.6,0,0.4801933586633158,8
nurse,67560,0.2,0,0.4795117499214233,8
nurse,67680,0.4,0,0.47880333261810026,8
nurse,67800,0.4,0,0.47806940462328407,8
nurse,67920,0.2,0,0.47736582334845135,8
nurse,68040,0.6,0,0.47630827163864714,8
nurse,68160,1.0,3,0.47808463449812705,8
nurse,68280,0.0,0,0.47874113275401936,8
nurse,68400,0.0,0,0.4780694117843557,8
nurse,68520,0.6,0,0.47738135881351956,8
nurse,68640,0.6,0,0.48350538556933415,8
nurse,68760,0.0,0,0.4829711254747823,8
nurse,68880,0.4,0,0.4822979558940057,8
nurse,69000,0.2,0,0.48129171269422666,8
nurse,69120,0.4,0,0.48051817316249296,8
nurse,69240,0.4,0,0.4800737376014432,8
nurse,69360,0.2,0,0.4793256139193908,8
nurse,69480,0.6,0,0.47905474484624183,8
nurse,69600,0.8,0,0.4783656160919317,8
nurse,69720,0.6,0,0.47864033061482375,8
nurse,69840,1.0,1,0.4791894181743693,8
nurse,69960,0.6,0,0.47992071247120066,8
nurse,70080,0.4,0,0.4880951831782223,8
nurse,70200,0.8,0,0.4872603091548833,8
nurse,70320,0.6,0,0.4863285634049713,8
nurse,70440,0.8,0,0.48560297136305997,8
nurse,70560,0.8,0,0.48520433701410964,8
nurse,70680,1.0,0,0.48666071727603294,8
nurse,70800,1.0,1,0.4859849247464021,8
nurse,70920,1.0,0,0.4869175143694608,8
nurse,71040,0.6,0,0.48627294979614755,8
nurse,71160,0.8,0,0.4859149594310243,8
nurse,71280,0.2,0,0.4908721045339268,8
nurse,71400,0.6,0,0.49109400768327666,8
nurse,71520,0.4,0,0.49038112486267676,8
nurse,71640,0.4,0,0.48977953088805015,8
nurse,71760,0.6,0,0.4892955225609305,8
nurse,71880,0.4,0,0.48869712901507806,8
nurse,72000,0.6,0,0.4880822140305085,8
nurse,72120,0.2,0,0.48754089288147007,8
nurse,72240,0.8,0,0.48706729569668816,8
nurse,72360,0.4,0,0.4862198878292988,8
nurse,72480,0.4,0,0.4857730717269357,8
nurse,72600,0.4,0,0.48744194135123775,8
nurse,72720,0.6,0,0.4864509879539852,8
nurse,72840,0.4,0,0.48561306431636647,8
nurse,72960,1.0,1,0.4856010374656231,8
nurse,73080,0.8,0,0.48603709428055664,8
nurse,73200,0.6,0,0.48883979634916225,8
nurse,73320,0.4,0,0.48809037178789344,8
nurse,73440,0.6,0,0.48726759845861545,8
nurse,73560,0.2,0,0.4865004145531211,8
nurse,73680,0.4,0,0.4859727282202905,8
nurse,73800,0.4,0,0.4852358875645171,8
nurse,73920,0.0,0,0.48444889093658083,8
nurse,74040,1.0,1,0.48436659582081193,8
nurse,74160,0.0,0,0.48397907911406424,8
nurse,74280,0.2,0,0.4832907436673669,8
nurse,74400,0.4,0,0.48311799361994967,8
nurse,74520,0.0,0,0.48272031965298223,8
nurse,74640,1.0,0,0.48204414442261523,8
nurse,74760,0.2,0,0.49028681629475696,8
nurse,74880,0.6,0,0.4894242335289774,8
nurse,75000,0.6,0,0.4897593015043164,8
nurse,75120,0.4,0,0.48910082549336537,8
nurse,75240,0.6,0,0.4896181929365004,8
nurse,75360,0.6,0,0.4889956320554155,8
nurse,75480,1.0,0,0.48898938672852776,8
nurse,75600,0.2,0,0.49075263924791784,8
nurse,75720,0.8,0,0.4926722269294406,8
nurse,75840,0.4,0,0.4920038104744815,8
nurse,75960,0.8,0,0.4915192959851751,8
nurse,76080,0.8,0,0.49067846785611047,8
nurse,76200,0.4,0,0.49130109222148105,8
nurse,76320,0.2,0,0.49055665773303225,8
nurse,76440,0.0,0,0.48981447581137844,8
nurse,76560,0.4,0,0.4892794503082592,8
nurse,76680,0.8,0,0.48864419383105767,8
nurse,76800,1.0,1,0.4891260284574068,8
nurse,76920,0.6,0,0.4891024714575829,8
nurse,77040,0.6,0,0.48934799815973185,8
nurse,77160,0.2,0,0.4901026820053719,8
nurse,77280,0.6,0,0.49016883150448276,8
nurse,77400,0.8,0,0.4894122035165673,8
nurse,77520,0.2,0,0.48881005617002876,8
nurse,77640,0.6,0,0.4879576845467966,8
nurse,77760,0.0,0,0.48728291591771783,8
nurse,77880,0.2,0,0.48650218640418624,8
nurse,78000,0.2,0,0.48579839648517764,8
nurse,78120,0.4,0,0.48525904572079814,8
nurse,78240,0.4,0,0.48459294759634275,8
nurse,78360,0.4,0,0.4839522449959102,8
nurse,78480,1.0,0,0.48363264846110343,8
nurse,78600,1.0,8,0.4869132157013916,8
nurse,78720,0.6,0,0.50341467073961,8
nurse,78840,0.2,0,0.5030077253043735,8
nurse,78960,0.2,0,0.502297083177701,8
nurse,79080,0.6,0,0.5015379057634568,8
nurse,79200,0.2,0,0.5009070087299418,8
nurse,79320,0.6,0,0.5001017729076087,8
nurse,79440,0.6,0,0.49959484497546763,8
nurse,79560,0.6,0,0.4990366306138474,8
nurse,79680,0.8,0,0.49896302511592117,8
nurse,79800,0.6,0,0.49847887476913416,8
nurse,79920,1.0,1,0.4992881541894339,8
nurse,80040,0.8,0,0.4990691616010191,8
nurse,80160,0.6,0,0.4982995678085686,8
nurse,80280,0.0,0,0.4976852569911415,8
nurse,80400,1.0,3,0.4999814399749568,8
nurse,80520,0.6,0,0.4999340895574095,8
nurse,80640,0.6,0,0.4997049254735128,8
nurse,80760,0.6,0,0.499477240424357,8
nurse,80880,0.6,0,0.49859198941029803,8
nurse,81000,0.0,0,0.4997844747764793,8
nurse,81120,0.4,0,0.49917033804168387,8
nurse,81240,0.6,0,0.4983864419422907,8
nurse,81360,0.2,0,0.49780013369237075,8
nurse,81480,0.6,0,0.4970448574519408,8
nurse,81600,0.2,0,0.49623664596418965,8
nurse,81720,0.4,0,0.4959429056035218,8
nurse,81840,0.4,0,0.49519385663525345,8
nurse,81960,0.4,0,0.49473587945086533,8
nurse,38880,1.0,1,0.5394394757194626,9
nurse,39000,0.8,0,0.5387876685675841,9
nurse,39120,0.4,0,0.5377858941605791,9
nurse,39240,1.0,2,0.540689383730176,9
nurse,39360,0.2,0,0.5415020513153274,9
nurse,39480,0.8,0,0.5402502587605247,9
nurse,39600,0.2,0,0.5388172342014781,9
nurse,39720,0.0,0,0.5396467296088767,9
nurse,39840,0.8,0,0.5388920526161672,9
nurse,39960,0.8,0,0.5375882957397391,9
nurse,40080,1.0,0,0.5360707564433674,9
nurse,40200,0.4,0,0.5362261652501616,9
nurse,40320,0.0,0,0.5343781525566974,9
nurse,40440,0.2,0,0.5332566313490529,9
nurse,40560,0.6,0,0.531397854125946,9
nurse,40680,0.8,0,0.5298249225207138,9
nurse,40800,1.0,1,0.5296976054430452,9
nurse,40920,0.6,0,0.5283333348321737,9
nurse,41040,0.4,0,0.5279396542679547,9
nurse,41160,0.8,0,0.526230944127621,9
nurse,41280,0.4,0,0.5250004175444893,9
nurse,41400,0.4,0,0.5237210520665079,9
nurse,41520,0.4,0,0.524354283353047,9
nurse,41640,0.4,0,0.5232532020483885,9
nurse,41760,0.4,0,0.5218881528263112,9
nurse,41880,0.2,0,0.5205318163043834,9
nurse,42000,0.2,0,0.5195030125195558,9
nurse,42120,0.8,0,0.5180373128772624,9
nurse,42240,0.4,0,0.5186228169891688,9
nurse,42360,0.2,0,0.5170938291311885,9
nurse,42480,1.0,2,0.5156716249349816,9
nurse,42600,0.8,0,0.5181542789510918,9
nurse,42720,0.6,0,0.5171278437225313,9
nurse,42840,0.2,0,0.5162745489851278,9
nurse,42960,0.6,0,0.5150599832601958,9
nurse,43080,1.0,0,0.5199162475166924,9
nurse,43200,0.2,0,0.5193928019474026,9
nurse,43320,0.0,0,0.5182318233456761,9
nurse,43440,0.2,0,0.5170466846190314,9
nurse,43560,0.6,0,0.5166763983943314,9
nurse,43680,0.2,0,0.5160078243612362,9
nurse,43800,1.0,1,0.5148749381582227,9
nurse,43920,0.2,0,0.5147045869315809,9
nurse,44040,0.0,0,0.5135492587432441,9
nurse,44160,0.0,0,0.5142964205003114,9
nurse,44280,0.6,0,0.5134834805685803,9
nurse,44400,0.6,0,0.5124535173508096,9
nurse,44520,1.0,7,0.5131306781885955,9
nurse,44640,1.0,0,0.5178965915661887,9
nurse,44760,0.8,0,0.5164932045418019,9
nurse,44880,1.0,1,0.5151740235346677,9
nurse,45000,0.6,0,0.5143875657261389,9
nurse,45120,0.4,0,0.513720223749521,9
nurse,45240,0.6,0,0.5133385807323351,9
nurse,45360,0.2,0,0.5132207851201313,9
nurse,45480,0.2,0,0.5162068166602257,9
nurse,45600,0.4,0,0.5151741985618451,9
nurse,45720,0.8,0,0.5174845772361041,9
nurse,45840,0.8,0,0.5175197777560835,9
nurse,45960,0.4,0,0.5159985761125088,9
nurse,46080,0.2,0,0.515094108845002,9
nurse,46200,0.4,0,0.5144893293652777,9
nurse,46320,0.6,0,0.5136326810850392,9
nurse,46440,0.8,0,0.5120706736267041,9
nurse,46560,0.4,0,0.5109164614451441,9
nurse,46680,0.6,0,0.5094589715395691,9
nurse,46800,0.4,0,0.5081106311716823,9
nurse,46920,0.0,0,0.5075598592905138,9
nurse,47040,0.4,0,0.506210776238297,9
nurse,47160,1.0,2,0.506899127980959,9
nurse,47280,1.0,0,0.5077760651088348,9
nurse,47400,1.0,0,0.5065417972151071,9
nurse,47520,0.6,0,0.5053976638308022,9
nurse,47640,0.4,0,0.5041999376702211,9
nurse,47760,0.8,0,0.5032203297494224,9
nurse,47880,0.6,0,0.5019919047766791,9
nurse,48000,0.4,0,0.5045462897744416,9
nurse,48120,0.6,0,0.5068392915457919,9
nurse,48240,0.0,0,0.5059146041548815,9
nurse,48360,0.8,0,0.504943477807397,9
nurse,48480,0.0,0,0.5036690383858611,9
nurse,48600,0.6,0,0.5054616055872975,9
nurse,48720,0.4,0,0.5041650766363559,9
nurse,48840,0.4,0,0.5031096628180661,9
nurse,48960,1.0,0,0.502280953111563,9
nurse,49080,0.8,0,0.5026733095682177,9
nurse,49200,0.4,0,0.501314733055871,9
nurse,49320,0.6,0,0.5003312809066687,9
nurse,49440,0.4,0,0.5002440511180386,9
nurse,49560,0.6,0,0.4994566681349351,9
nurse,49680,0.4,0,0.49938262120302207,9
nurse,49800,0.6,0,0.498499611971564,9
nurse,49920,0.2,0,0.497253959263885,9
nurse,50040,0.4,0,0.4962235782359396,9
nurse,50160,0.8,0,0.4952715979076385,9
nurse,50280,0.0,0,0.4959670311206116,9
nurse,50400,0.6,0,0.4949766816175752,9
nurse,50520,0.0,0,0.4945978215148636,9
nurse,50640,0.0,0,0.49383274745417416,9
nurse,50760,0.8,0,0.4926181477103563,9
nurse,50880,0.4,0,0.49192849939752364,9
nurse,51000,0.0,0,0.4920877123519361,9
nurse,51120,0.4,0,0.49107917691750835,9
nurse,51240,1.0,1,0.49039480709570843,9
nurse,51360,0.4,0,0.49004291916971965,9
nurse,51480,0.8,0,0.48908355558481403,9
nurse,51600,0.4,0,0.4886898996190015,9
nurse,51720,0.6,0,0.4890114661581086,9
nurse,51840,0.2,0,0.48890885750348706,9
nurse,51960,0.2,0,0.490404344316968,9
nurse,52080,0.8,0,0.4892283147142896,9
nurse,52200,0.2,0,0.4901476083313993,9
nurse,52320,0.2,0,0.4972087561530266,9
nurse,52440,0.4,0,0.49773237610682136,9
nurse,52560,1.0,0,0.49777967906775306,9
nurse,52680,1.0,2,0.5108456360327446,9
nurse,52800,0.4,0,0.5118537396203119,9
nurse,52920,0.4,0,0.5111975406529607,9
nurse,53040,0.6,0,0.5099960907848605,9
nurse,53160,0.8,0,0.5095019618293014,9
nurse,53280,0.8,0,0.5083485465821779,9
nurse,53400,0.8,0,0.5072767273574563,9
nurse,53520,0.6,0,0.5065262094154008,9
nurse,53640,0.2,0,0.5061940883077926,9
nurse,53760,0.0,0,0.5051335993835411,9
nurse,53880,0.4,0,0.5041838312048326,9
nurse,54000,0.2,0,0.5033571155242402,9
nurse,54120,0.8,0,0.5022146011506535,9
nurse,54240,0.8,0,0.5015433222592702,9
nurse,54360,0.4,0,0.5007218719495832,9
nurse,54480,0.4,0,0.5000922194735762,9
nurse,54600,0.8,0,0.4988981769775771,9
nurse,54720,0.4,0,0.49857917637033305,9
nurse,54840,0.4,0,0.49920332041583215,9
nurse,54960,1.0,1,0.5016536419350284,9
nurse,55080,0.4,0,0.5072109489994724,9
nurse,55200,0.6,0,0.5065449779525696,9
nurse,55320,0.0,0,0.5062891140428744,9
nurse,55440,1.0,0,0.505359375848176,9
nurse,55560,0.2,0,0.5046140856772081,9
nurse,55680,0.4,0,0.5034090589149716,9
nurse,55800,1.0,2,0.5051204475060616,9
nurse,55920,0.8,0,0.5135314303861027,9
nurse,56040,0.0,0,0.5148970896462491,9
nurse,56160,0.0,0,0.5138636044483927,9
nurse,56280,1.0,0,0.513236661288733,9
nurse,56400,0.4,0,0.5128691690549294,9
nurse,56520,0.4,0,0.5177480895481195,9
nurse,56640,0.2,0,0.5174392134549659,9
nurse,56760,1.0,1,0.5176328227940399,9
nurse,56880,0.0,0,0.520180826956687,9
nurse,57000,0.6,0,0.5191897965920365,9
nurse,57120,0.8,0,0.5184217484108512,9
nurse,57240,0.6,0,0.5180776972635707,9
nurse,57360,0.4,0,0.5180432534505157,9
nurse,57480,0.8,0,0.5174261332740677,9
nurse,57600,0.2,0,0.5161992354059239,9
nurse,57720,0.2,0,0.5152777488007839,9
nurse,57840,0.6,0,0.5142756110660877,9
nurse,57960,0.6,0,0.513455307394176,9
nurse,58080,0.2,0,0.5126702200109443,9
nurse,58200,0.6,0,0.511714076062592,9
nurse,58320,0.0,0,0.5105854765427075,9
nurse,58440,0.4,0,0.5095669747666906,9
nurse,58560,0.2,0,0.5087910556509907,9
nurse,58680,0.6,0,0.5078149577024996,9
nurse,58800,0.2,0,0.5070853385103985,9
nurse,58920,0.4,0,0.5071508839349775,9
nurse,59040,0.2,0,0.5081154401983244,9
nurse,59160,0.2,0,0.5073854934484535,9
nurse,59280,1.0,0,0.5085281069600545,9
nurse,59400,0.0,0,0.5121829358286838,9
nurse,59520,1.0,2,0.5113335667839601,9
nurse,59640,0.2,0,0.5135647495058132,9
nurse,59760,0.6,0,0.5162760823343127,9
nurse,59880,0.4,0,0.5190502974161021,9
nurse,60000,0.6,0,0.5181462709066691,9
nurse,60120,0.4,0,0.5171576234348749,9
nurse,60240,0.2,0,0.5163982142962041,9
nurse,60360,0.2,0,0.5158129239673132,9
nurse,60480,0.4,0,0.5156841595425282,9
nurse,60600,0.4,0,0.5167654872309959,9
nurse,60720,0.8,0,0.5199657008704607,9
nurse,60840,1.0,1,0.5190893398074878,9
nurse,60960,0.6,0,0.5182680408480198,9
nurse,61080,0.6,0,0.5172103509687382,9
nurse,61200,0.4,0,0.516632158296517,9
nurse,61320,0.4,0,0.5159620181316876,9
nurse,61440,0.6,0,0.5149904584699105,9
nurse,61560,1.0,0,0.5140809979179654,9
nurse,61680,0.4,0,0.5132843321776392,9
nurse,61800,1.0,1,0.5122301582228679,9
nurse,61920,0.8,0,0.5124372681768211,9
nurse,62040,0.6,0,0.5115860232039806,9
nurse,62160,1.0,1,0.5108335810002806,9
nurse,62280,0.4,0,0.5103604632247241,9
nurse,62400,0.2,0,0.5096036912142689,9
nurse,62520,0.4,0,0.5085785960493727,9
nurse,62640,0.4,0,0.5079111729872366,9
nurse,62760,0.8,0,0.5071909797047083,9
nurse,62880,0.6,0,0.5110814964748228,9
nurse,63000,0.8,0,0.5099810060660392,9
nurse,63120,0.4,0,0.5090371955032832,9
nurse,63240,0.2,0,0.5087937130518881,9
nurse,63360,1.0,1,0.5081379067910764,9
nurse,63480,0.4,0,0.5076893278243283,9
nurse,63600,0.2,0,0.5070665567444401,9
nurse,63720,0.2,0,0.5063618082291592,9
nurse,63840,0.0,0,0.5063737396270104,9
nurse,63960,0.2,0,0.5055450816945897,9
nurse,64080,0.6,0,0.5055159379463581,9
nurse,64200,0.8,0,0.504564826115791,9
nurse,64320,0.8,0,0.5038380606473127,9
nurse,64440,0.0,0,0.502881767721123,9
nurse,64560,0.8,0,0.5017771546484033,9
nurse,64680,1.0,0,0.500983022334021,9
nurse,64800,0.6,0,0.5002668874978694,9
nurse,64920,0.4,0,0.4995527971104524,9
nurse,65040,0.2,0,0.4988716591162516,9
nurse,65160,0.4,0,0.4980382514441728,9
nurse,65280,0.6,0,0.4973175382778223,9
nurse,65400,0.4,0,0.4964288145527756,9
nurse,65520,1.0,1,0.4966190973527048,9
nurse,65640,0.4,0,0.4971425811458196,9
nurse,65760,0.4,0,0.49782243940620874,9
nurse,65880,0.2,0,0.4972044255067602,9
nurse,66000,0.4,0,0.4963099329871162,9
nurse,66120,0.2,0,0.49540474551939434,9
nurse,66240,0.4,0,0.495150669467458,9
nurse,66360,0.2,0,0.494729878562241,9
nurse,66480,0.2,0,0.49420189228171435,9
nurse,66600,1.0,0,0.49318575389651953,9
nurse,66720,0.2,0,0.49244125514358106,9
nurse,66840,0.6,0,0.49155081830105746,9
nurse,66960,0.0,0,0.4923855168144091,9
nurse,67080,1.0,3,0.4917519817758704,9
nurse,67200,1.0,0,0.4985562257156451,9
nurse,67320,0.2,0,0.4976023934052959,9
nurse,67440,0.8,0,0.49685974760294777,9
nurse,67560,0.0,0,0.49652796865444043,9
nurse,67680,0.6,0,0.49561235583971863,9
nurse,67800,0.8,0,0.49485985767546525,9
nurse,67920,0.4,0,0.4943247011169728,9
nurse,68040,1.0,0,0.49348969714499885,9
nurse,68160,0.6,0,0.49778753826005473,9
nurse,68280,0.4,0,0.49848613937862685,9
nurse,68400,0.2,0,0.4978453002600025,9
nurse,68520,0.4,0,0.49717237819218524,9
nurse,68640,0.4,0,0.4968110347265087,9
nurse,68760,0.6,0,0.4960573752361498,9
nurse,68880,0.8,0,0.4957254359994223,9
nurse,69000,0.2,0,0.4950970358778797,9
nurse,69120,0.0,0,0.4940592174726389,9
nurse,69240,0.4,0,0.49332851374584225,9
nurse,69360,0.4,0,0.49241245081774704,9
nurse,69480,0.4,0,0.49169914039530854,9
nurse,69600,0.8,0,0.4910447176055921,9
nurse,69720,0.4,0,0.4913022462967319,9
nurse,69840,0.4,0,0.49121538068094456,9
nurse,69960,1.0,0,0.49162885183644645,9
nurse,70080,1.0,1,0.4925254896092718,9
nurse,70200,0.8,0,0.49302033244800386,9
nurse,70320,0.4,0,0.4923477100758733,9
nurse,70440,1.0,0,0.491740227568039,9
nurse,70560,0.4,0,0.49118226483984984,9
nurse,70680,1.0,5,0.4929909144600587,9
nurse,70800,0.8,0,0.49697706776013667,9
nurse,70920,0.2,0,0.4962976729158899,9
nurse,71040,0.4,0,0.4967178801364181,9
nurse,71160,0.0,0,0.49607616903155627,9
nurse,71280,0.8,0,0.49538308415565047,9
nurse,71400,1.0,6,0.5070444534451892,9
nurse,71520,1.0,0,0.5090701132639786,9
nurse,71640,0.2,0,0.5088038411250909,9
nurse,71760,0.4,0,0.5080330559761049,9
nurse,71880,0.2,0,0.5078214738714985,9
nurse,72000,0.2,0,0.507139719921008,9
nurse,72120,1.0,0,0.5062335570399159,9
nurse,72240,0.6,0,0.5052592159424866,9
nurse,72360,0.4,0,0.5045671975502671,9
nurse,72480,0.6,0,0.503950504308817,9
nurse,72600,0.6,0,0.5031677988439488,9
nurse,72720,0.6,0,0.502482100886187,9
nurse,72840,0.6,0,0.5021291649039012,9
nurse,72960,0.6,0,0.5017408420674292,9
nurse,73080,0.4,0,0.5010487750990344,9
nurse,73200,0.6,0,0.5004536513481352,9
nurse,73320,1.0,3,0.5023523030363307,9
nurse,73440,1.0,0,0.5070174597675814,9
nurse,73560,1.0,0,0.5062994626066549,9
nurse,73680,0.4,0,0.5081968897870539,9
nurse,73800,0.2,0,0.5075584863534912,9
nurse,73920,0.2,0,0.5071571766350976,9
nurse,74040,1.0,0,0.5070827040784394,9
nurse,74160,0.8,0,0.5063125555420576,9
nurse,74280,0.0,0,0.5056869337378772,9
nurse,74400,1.0,0,0.5045917213631135,9
nurse,74520,0.0,0,0.5040731556607174,9
nurse,74640,0.4,0,0.5037906079655767,9
nurse,74760,0.4,0,0.5078371657022175,9
nurse,74880,0.2,0,0.5076386921539787,9
nurse,75000,0.2,0,0.5070930201211357,9
nurse,75120,0.6,0,0.5063853978302839,9
nurse,75240,0.0,0,0.5063102815470027,9
nurse,75360,0.6,0,0.5079000016712448,9
nurse,75480,1.0,1,0.5073301507317197,9
nurse,75600,0.2,0,0.5070772502797604,9
nurse,75720,0.6,0,0.5079094893242609,9
nurse,75840,0.8,0,0.5070996416134066,9
nurse,75960,0.2,0,0.5067409755180422,9
nurse,76080,0.0,0,0.5061230642447461,9
nurse,76200,1.0,2,0.5054155345535396,9
nurse,76320,0.8,0,0.5057975928540326,9
nurse,76440,1.0,0,0.5047499723083954,9
nurse,76560,0.4,0,0.5039260859803859,9
nurse,76680,0.2,0,0.5032900833476802,9
nurse,76800,1.0,0,0.5025963513557642,9
nurse,76920,0.8,0,0.5023696926653531,9
nurse,77040,0.6,0,0.5017914405208106,9
nurse,77160,0.2,0,0.5014855172759602,9
nurse,77280,0.0,0,0.5011714003453466,9
nurse,77400,1.0,0,0.500414304413169,9
nurse,77520,0.4,0,0.4995050907417293,9
nurse,77640,0.8,0,0.49908094987247537,9
nurse,77760,0.8,0,0.4998186036961274,9
nurse,77880,0.6,0,0.4995108839027345,9
nurse,78000,0.2,0,0.5010655236360042,9
nurse,78120,0.2,0,0.5004192209793694,9
nurse,78240,0.6,0,0.5007996884858822,9
nurse,78360,0.4,0,0.500074733641301,9
nurse,78480,0.2,0,0.4995352509840284,9
nurse,78600,0.0,0,0.4988945254555998,9
nurse,78720,0.2,0,0.49806989363753446,9
nurse,78840,0.0,0,0.4972858605364883,9
nurse,78960,0.8,0,0.4991338367816755,9
nurse,79080,0.6,0,0.498383221020953,9
nurse,79200,0.2,0,0.49764761875051294,9
nurse,79320,0.4,0,0.4969394395817278,9
nurse,79440,0.6,0,0.49618290942911175,9
nurse,79560,1.0,1,0.4955946342875937,9
nurse,79680,0.4,0,0.49507499957495776,9
nurse,79800,0.2,0,0.49456301330131147,9
nurse,79920,0.2,0,0.49406440592829254,9
nurse,80040,0.6,0,0.49335159336630086,9
nurse,80160,0.8,0,0.49248734576633046,9
nurse,80280,0.6,0,0.49588636349848086,9
nurse,80400,0.6,0,0.4951806919426524,9
nurse,80520,0.4,0,0.4944066769243036,9
nurse,80640,0.4,0,0.4941167522690102,9
nurse,80760,0.4,0,0.4939331676182588,9
nurse,80880,0.4,0,0.4934166040465465,9
nurse,81000,1.0,0,0.4928275671137412,9
nurse,81120,0.2,0,0.49232240258199605,9
nurse,81240,0.6,0,0.4923309243156033,9
nurse,81360,0.4,0,0.49169660300578144,9
nurse,81480,1.0,3,0.4953749127465755,9
nurse,81600,0.4,0,0.49583227783556283,9
nurse,81720,1.0,1,0.4954387523099819,9
nurse,81840,0.8,0,0.4959542666896434,9
nurse,81960,0.4,0,0.4955152180101366,9
nurse,38880,1.0,0,0.5580934817109344,10
nurse,39000,0.4,0,0.5567324164166491,10
nurse,39120,0.4,0,0.5556596054722354,10
nurse,39240,0.6,0,0.5543664585607854,10
nurse,39360,0.2,0,0.5550661906577702,10
nurse,39480,0.4,0,0.5547034249239671,10
nurse,39600,0.8,0,0.5565677245061057,10
nurse,39720,0.4,0,0.5553950305939677,10
nurse,39840,0.4,0,0.5536313353539523,10
nurse,39960,0.8,0,0.552381813139196,10
nurse,40080,0.6,0,0.5535451733809709,10
nurse,40200,0.6,0,0.5537995003450155,10
nurse,40320,0.6,0,0.552581095465813,10
nurse,40440,0.2,0,0.551115507098664,10
nurse,40560,0.2,0,0.5498192730560956,10
nurse,40680,0.8,0,0.5486364035071776,10
nurse,40800,0.8,0,0.5478452287041827,10
nurse,40920,0.0,0,0.5468861532211371,10
nurse,41040,1.0,3,0.5457232713666621,10
nurse,41160,0.6,0,0.5462192691223545,10
nurse,41280,0.4,0,0.5452709717801283,10
nurse,41400,0.4,0,0.5439880716680313,10
nurse,41520,0.0,0,0.542631362808236,10
nurse,41640,0.0,0,0.5415787752649397,10
nurse,41760,0.2,0,0.5402908241525656,10
nurse,41880,0.4,0,0.5389532159419422,10
nurse,42000,0.2,0,0.5375544164864222,10
nurse,42120,0.6,0,0.5360301019087178,10
nurse,42240,0.4,0,0.5348156468491684,10
nurse,42360,1.0,0,0.5333082001853277,10
nurse,42480,0.8,0,0.5319533668937634,10
nurse,42600,1.0,1,0.5707262982053364,10
nurse,42720,0.2,0,0.5700764637649464,10
nurse,42840,0.4,0,0.5693008992809407,10
nurse,42960,1.0,1,0.5721553694230418,10
nurse,43080,0.2,0,0.5721224962352242,10
nurse,43200,0.6,0,0.5706886296412562,10
nurse,43320,0.6,0,0.5693769429867529,10
nurse,43440,0.2,0,0.5680191698492993,10
nurse,43560,0.2,0,0.5665123498780561,10
nurse,43680,0.4,0,0.5645725713182657,10
nurse,43800,0.4,0,0.564395786980036,10
nurse,43920,0.0,0,0.5629630506214289,10
nurse,44040,0.4,0,0.5619455123229052,10
nurse,44160,1.0,2,0.5622128260305054,10
nurse,44280,0.4,0,0.5780669203217627,10
nurse,44400,0.0,0,0.5848287553719111,10
nurse,44520,0.2,0,0.583348412884173,10
nurse,44640,0.6,0,0.5857059687266415,10
nurse,44760,0.8,0,0.5846879984097239,10
nurse,44880,0.4,0,0.5845851424401831,10
nurse,45000,0.6,0,0.5835099162452656,10
nurse,45120,0.2,0,0.5819133754329441,10
nurse,45240,0.4,0,0.5808581652242919,10
nurse,45360,1.0,1,0.579602263666461,10
nurse,45480,0.4,0,0.5779944368067444,10
nurse,45600,0.6,0,0.5768832016869816,10
nurse,45720,0.2,0,0.5822758036263082,10
nurse,45840,1.0,0,0.5808604270743905,10
nurse,45960,1.0,0,0.5802123370924183,10
nurse,46080,0.0,0,0.5794352293104161,10
nurse,46200,1.0,1,0.5852826657746173,10
nurse,46320,0.0,0,0.584079200147616,10
nurse,46440,0.4,0,0.5829276639223978,10
nurse,46560,1.0,2,0.5928708051724103,10
nurse,46680,0.8,0,0.5951464091905752,10
nurse,46800,1.0,0,0.5951522460208932,10
nurse,46920,0.6,0,0.5939183114962474,10
nurse,47040,0.4,0,0.5923271252827913,10
nurse,47160,0.8,0,0.5913322810146507,10
nurse,47280,0.8,0,0.5904737694863521,10
nurse,47400,0.8,0,0.5893534439171689,10
nurse,47520,0.6,0,0.5875847206945023,10
nurse,47640,1.0,0,0.5858689301701987,10
nurse,47760,0.4,0,0.5848442572682605,10
nurse,47880,0.2,0,0.5838148156237827,10
nurse,48000,0.4,0,0.5822668767638969,10
nurse,48120,0.4,0,0.5822709228915551,10
nurse,48240,0.4,0,0.5866714123554123,10
nurse,48360,0.2,0,0.5849204434257311,10
nurse,48480,0.2,0,0.58374296568229,10
nurse,48600,0.8,0,0.5822175880159636,10
nurse,48720,0.4,0,0.5810314222837166,10
nurse,48840,1.0,0,0.5807367550018673,10
nurse,48960,0.4,0,0.5837962521890308,10
nurse,49080,0.6,0,0.5824265037008853,10
nurse,49200,0.2,0,0.5814924060322538,10
nurse,49320,1.0,2,0.5799243237192891,10
nurse,49440,1.0,1,0.5798266656862607,10
nurse,49560,1.0,4,0.5812631043153487,10
nurse,49680,0.4,0,0.5836867460699169,10
nurse,49800,1.0,0,0.582259696948186,10
nurse,49920,0.6,0,0.581402887957031,10
nurse,50040,0.2,0,0.5801574200123434,10
nurse,50160,1.0,0,0.5787814531386862,10
nurse,50280,0.4,0,0.5774874392280497,10
nurse,50400,0.4,0,0.5763047158393193,10
nurse,50520,0.4,0,0.5751268271032274,10
nurse,50640,0.4,0,0.5821741233491726,10
nurse,50760,0.4,0,0.5809941648676445,10
nurse,50880,0.2,0,0.5804128207183341,10
nurse,51000,0.8,0,0.5792882848963281,10
nurse,51120,0.4,0,0.5789558528252472,10
nurse,51240,0.4,0,0.5788018312980421,10
nurse,51360,0.4,0,0.5800055556044331,10
nurse,51480,0.4,0,0.5833387695304624,10
nurse,51600,0.6,0,0.5820346173917703,10
nurse,51720,0.4,0,0.5841437505212217,10
nurse,51840,0.0,0,0.5831150134414369,10
nurse,51960,0.2,0,0.5820137503800047,10
nurse,52080,0.4,0,0.5807862136168607,10
nurse,52200,0.2,0,0.5795720503528247,10
nurse,52320,0.6,0,0.5788372007971592,10
nurse,52440,1.0,0,0.5775050225639395,10
nurse,52560,0.2,0,0.5781010317383033,10
nurse,52680,0.4,0,0.5769692926504937,10
nurse,52800,0.6,0,0.5759589745678584,10
nurse,52920,0.2,0,0.5760960027751255,10
nurse,53040,0.8,0,0.57491583519001,10
nurse,53160,0.2,0,0.5737803795457569,10
nurse,53280,0.2,0,0.575969519651008,10
nurse,53400,0.6,0,0.5753192933205604,10
nurse,53520,0.8,0,0.5739539553358186,10
nurse,53640,0.2,0,0.5735483646203362,10
nurse,53760,0.6,0,0.5726156967201479,10
nurse,53880,1.0,0,0.5714881572815963,10
nurse,54000,0.2,0,0.5705362785481659,10
nurse,54120,0.8,0,0.5714670587406586,10
nurse,54240,0.2,0,0.5705864712351734,10
nurse,54360,0.2,0,0.5696837445196321,10
nurse,54480,0.8,0,0.5717688827613332,10
nurse,54600,0.6,0,0.5705210240036698,10
nurse,54720,0.2,0,0.5696054626995765,10
nurse,54840,0.2,0,0.5687436582094211,10
nurse,54960,1.0,1,0.5676683272558404,10
nurse,55080,0.4,0,0.5663807540533622,10
nurse,55200,1.0,0,0.5656222444956013,10
nurse,55320,0.2,0,0.5645255263195594,10
nurse,55440,0.4,0,0.5633926721135145,10
nurse,55560,0.2,0,0.5623850303333716,10
nurse,55680,0.4,0,0.5621804179824301,10
nurse,55800,0.2,0,0.5608203685864287,10
nurse,55920,0.6,0,0.5598642889695744,10
nurse,56040,0.8,0,0.5588718329514056,10
nurse,56160,0.2,0,0.5576066119641793,10
nurse,56280,0.8,0,0.5564681061776046,10
nurse,56400,0.4,0,0.5554957781295569,10
nurse,56520,0.8,0,0.5544282049230919,10
nurse,56640,1.0,0,0.5540881827505638,10
nurse,56760,0.2,0,0.5530288078161687,10
nurse,56880,0.4,0,0.5544505251616652,10
nurse,57000,0.6,0,0.5542370636070456,10
nurse,57120,0.4,0,0.5531175448138367,10
nurse,57240,0.8,0,0.5519207104490865,10
nurse,57360,1.0,1,0.5517092522765342,10
nurse,57480,0.8,0,0.5504595257465104,10
nurse,57600,0.6,0,0.5524276319320551,10
nurse,57720,0.6,0,0.5513319238916031,10
nurse,57840,0.6,0,0.5506237023986009,10
nurse,57960,0.8,0,0.5497180368316436,10
nurse,58080,0.4,0,0.5487786157338393,10
nurse,58200,0.4,0,0.5486781134678717,10
nurse,58320,1.0,0,0.5481285468025743,10
nurse,58440,0.8,0,0.5471254023047271,10
nurse,58560,0.2,0,0.5473762561710377,10
nurse,58680,1.0,0,0.5459714001846472,10
nurse,58800,0.2,0,0.5474290574805101,10
nurse,58920,0.6,0,0.5468401470441698,10
nurse,59040,0.0,0,0.54598822970074,10
nurse,59160,0.4,0,0.5448224150590295,10
nurse,59280,0.0,0,0.5436749376100207,10
nurse,59400,0.4,0,0.5425509680824511,10
nurse,59520,1.0,0,0.5434235536371971,10
nurse,59640,0.6,0,0.542575413543795,10
nurse,59760,0.8,0,0.5418513966110321,10
nurse,59880,0.4,0,0.5414213699797095,10
nurse,60000,1.0,3,0.540942219679371,10
nurse,60120,0.8,0,0.5425152671378257,10
nurse,60240,0.6,0,0.5413740307094527,10
nurse,60360,0.6,0,0.5403439246212317,10
nurse,60480,0.6,0,0.5399509166737226,10
nurse,60600,0.6,0,0.5409223501720383,10
nurse,60720,0.6,0,0.5398962800944396,10
nurse,60840,0.4,0,0.5388067166101007,10
nurse,60960,0.4,0,0.5375469230270672,10
nurse,61080,0.2,0,0.536536365476971,10
nurse,61200,1.0,5,0.5391110576506397,10
nurse,61320,0.4,0,0.5518003021873731,10
nurse,61440,0.2,0,0.5509731828713204,10
nurse,61560,0.2,0,0.5563666289360977,10
nurse,61680,0.6,0,0.5572826337423521,10
nurse,61800,0.6,0,0.5577945320771744,10
nurse,61920,1.0,0,0.557080692133385,10
nurse,62040,0.0,0,0.55671070077815,10
nurse,62160,0.8,0,0.5560315988396106,10
nurse,62280,0.6,0,0.5562139631395756,10
nurse,62400,0.8,0,0.5551726871659026,10
nurse,62520,0.6,0,0.5541874650058922,10
nurse,62640,0.6,0,0.5539021026525596,10
nurse,62760,0.8,0,0.5528527806596588,10
nurse,62880,1.0,3,0.5540730501081567,10
nurse,63000,0.2,0,0.5547443463938513,10
nurse,63120,0.2,0,0.5541173985546418,10
nurse,63240,0.8,0,0.5529886740258116,10
nurse,63360,0.2,0,0.5541497967081639,10
nurse,63480,0.2,0,0.5533539524793605,10
nurse,63600,0.6,0,0.5522023389132008,10
nurse,63720,0.2,0,0.5541218939488876,10
nurse,63840,0.4,0,0.5533304878658755,10
nurse,63960,0.4,0,0.5532576435518063,10
nurse,64080,0.2,0,0.5532933679040399,10
nurse,64200,0.4,0,0.5522682443222019,10
nurse,64320,1.0,5,0.5549212296814068,10
nurse,64440,0.4,0,0.5590478345372375,10
nurse,64560,0.4,0,0.5581893458478376,10
nurse,64680,1.0,1,0.5617169693068405,10
nurse,64800,0.8,0,0.5608755063830574,10
nurse,64920,0.4,0,0.5599163349313547,10
nurse,65040,0.6,0,0.5591649985868296,10
nurse,65160,0.0,0,0.5583243292880182,10
nurse,65280,0.2,0,0.5576725410540274,10
nurse,65400,0.4,0,0.5565900758524186,10
nurse,65520,0.4,0,0.5562274539438721,10
nurse,65640,0.2,0,0.5553965214823195,10
nurse,65760,0.8,0,0.5561149144748395,10
nurse,65880,0.4,0,0.5583178585442794,10
nurse,66000,0.8,0,0.5573784942828184,10
nurse,66120,0.8,0,0.5564373093445669,10
nurse,66240,0.2,0,0.5557705580302723,10
nurse,66360,0.8,0,0.5547070731377908,10
nurse,66480,0.4,0,0.5537798569687347,10
nurse,66600,0.4,0,0.5531670433223578,10
nurse,66720,0.4,0,0.5523770398091332,10
nurse,66840,0.8,0,0.5547614210436199,10
nurse,66960,0.4,0,0.557925213191538,10
nurse,67080,0.8,0,0.5578812213488415,10
nurse,67200,0.2,0,0.5572297431936584,10
nurse,67320,1.0,0,0.5568045019160692,10
nurse,67440,0.2,0,0.5561334341832573,10
nurse,67560,0.2,0,0.5558024352066638,10
nurse,67680,0.6,0,0.5551510262591967,10
nurse,67800,0.8,0,0.5542422727523121,10
nurse,67920,0.6,0,0.559065954997384,10
nurse,68040,0.4,0,0.5584517455185252,10
nurse,68160,0.8,0,0.5576637989923688,10
nurse,68280,0.2,0,0.5655857140604829,10
nurse,68400,1.0,0,0.5650990974147583,10
nurse,68520,0.0,0,0.5641983288766216,10
nurse,68640,0.6,0,0.5634611098138249,10
nurse,68760,1.0,0,0.5668271161960162,10
nurse,68880,0.0,0,0.5658827299861069,10
nurse,69000,0.8,0,0.5677883121663084,10
nurse,69120,0.2,0,0.569064321158416,10
nurse,69240,0.6,0,0.5679909831041051,10
nurse,69360,0.6,0,0.5690249945587815,10
nurse,69480,0.2,0,0.5738014073038825,10
nurse,69600,0.4,0,0.5730181497805465,10
nurse,69720,0.4,0,0.5718873637851266,10
nurse,69840,0.4,0,0.5708119698401514,10
nurse,69960,0.4,0,0.5696826075482121,10
nurse,70080,0.4,0,0.5693295193784904,10
nurse,70200,0.8,0,0.5685196895547737,10
nurse,70320,1.0,0,0.5676042571080854,10
nurse,70440,1.0,1,0.5665818562963496,10
nurse,70560,1.0,0,0.5674375072522676,10
nurse,70680,0.6,0,0.5672135786774707,10
nurse,70800,0.6,0,0.5685437350753545,10
nurse,70920,0.6,0,0.5684704953758274,10
nurse,71040,0.8,0,0.5707642700292201,10
nurse,71160,0.0,0,0.5705613990220504,10
nurse,71280,0.6,0,0.5713294490243928,10
nurse,71400,0.6,0,0.5700333439278398,10
nurse,71520,0.2,0,0.5698067700438517,10
nurse,71640,0.4,0,0.5689581885330307,10
nurse,71760,0.2,0,0.5682060128954417,10
nurse,71880,0.4,0,0.56764318501562,10
nurse,72000,0.2,0,0.5667430361106771,10
nurse,72120,0.6,0,0.5656863175349842,10
nurse,72240,0.6,0,0.5648190330312894,10
nurse,72360,0.2,0,0.5641086076917006,10
nurse,72480,0.4,0,0.5639469801461985,10
nurse,72600,0.6,0,0.5630862739735129,10
nurse,72720,0.2,0,0.5622893959458998,10
nurse,72840,0.6,0,0.5616768898239731,10
nurse,72960,0.2,0,0.5607321267428802,10
nurse,73080,0.4,0,0.5596995827486612,10
nurse,73200,1.0,0,0.5587817844216515,10
nurse,73320,0.2,0,0.5581182555579782,10
nurse,73440,0.4,0,0.5572487848239107,10
nurse,73560,0.0,0,0.5567366892942178,10
nurse,73680,0.2,0,0.5560633552583958,10
nurse,73800,0.4,0,0.5568075391491842,10
nurse,73920,0.4,0,0.5560314175592055,10
nurse,74040,0.8,0,0.5552871844807719,10
nurse,74160,0.0,0,0.5558756527830849,10
nurse,74280,1.0,0,0.5561273833222721,10
nurse,74400,0.2,0,0.5554751735865137,10
nurse,74520,0.2,0,0.5546472976691016,10
nurse,74640,0.8,0,0.5540574669702458,10
nurse,74760,1.0,0,0.5560398978502958,10
nurse,74880,1.0,3,0.5552150876606472,10
nurse,75000,0.4,0,0.5546511451042265,10
nurse,75120,0.6,0,0.5570487761698572,10
nurse,75240,0.6,0,0.55680664840027,10
nurse,75360,0.0,0,0.5562202274962149,10
nurse,75480,0.6,0,0.5552873506616336,10
nurse,75600,0.2,0,0.5545449935833011,10
nurse,75720,0.4,0,0.553905480564544,10
nurse,75840,0.2,0,0.5560363231794551,10
nurse,75960,0.6,0,0.55525186395039,10
nurse,76080,1.0,0,0.5544048144190776,10
nurse,76200,0.0,0,0.556451595932281,10
nurse,76320,0.2,0,0.5558137961009475,10
nurse,76440,0.2,0,0.5549187193383952,10
nurse,76560,0.4,0,0.5543744065153852,10
nurse,76680,0.2,0,0.5536848861092716,10
nurse,76800,0.4,0,0.5529224619600658,10
nurse,76920,1.0,1,0.5534101819711159,10
nurse,77040,0.2,0,0.5543244893755773,10
nurse,77160,0.2,0,0.5536390451102874,10
nurse,77280,0.4,0,0.5529268409254693,10
nurse,77400,1.0,1,0.5522371384576492,10
nurse,77520,1.0,0,0.5549784912605749,10
nurse,77640,0.2,0,0.554381617947225,10
nurse,77760,0.8,0,0.5535594718505507,10
nurse,77880,0.8,0,0.5539205495566156,10
nurse,78000,0.2,0,0.5533930396301889,10
nurse,78120,0.0,0,0.5532351118280988,10
nurse,78240,1.0,1,0.5529338226940512,10
nurse,78360,1.0,0,0.5523543752005954,10
nurse,78480,0.4,0,0.5521526423172954,10
nurse,78600,0.0,0,0.5515567109259243,10
nurse,78720,0.2,0,0.5505824749994843,10
nurse,78840,0.4,0,0.5496156459355429,10
nurse,78960,0.6,0,0.5487703523558606,10
nurse,79080,0.8,0,0.548929554705576,10
nurse,79200,0.4,0,0.5482139066876076,10
nurse,79320,0.4,0,0.5474758631699111,10
nurse,79440,0.2,0,0.5467793695265915,10
nurse,79560,0.6,0,0.5460968508408433,10
nurse,79680,1.0,6,0.5476328712646207,10
nurse,79800,0.8,0,0.5527912224933211,10
nurse,79920,0.6,0,0.5551357454271604,10
nurse,80040,0.6,0,0.5541933785340862,10
nurse,80160,0.0,0,0.5541138335914004,10
nurse,80280,0.4,0,0.5532914215294729,10
nurse,80400,0.4,0,0.5526815709308994,10
nurse,80520,0.4,0,0.5522335889568115,10
nurse,80640,0.2,0,0.551497065827319,10
nurse,80760,1.0,5,0.5514249390440312,10
nurse,80880,0.6,0,0.5519548396663717,10
nurse,81000,0.4,0,0.5513592439005949,10
nurse,81120,0.6,0,0.5506879674819897,10
nurse,81240,1.0,0,0.5498120156179167,10
nurse,81360,0.0,0,0.5490122461268349,10
nurse,81480,1.0,0,0.5507532687369489,10
nurse,81600,0.4,0,0.550109896702406,10
nurse,81720,0.4,0,0.5494568838623176,10
nurse,81840,0.4,0,0.5488167709933941,10
nurse,81960,0.8,0,0.548151570795836,10
nurse,38880,0.8,0,0.7170914056038219,11
nurse,39000,0.4,0,0.7171531608841263,11
nurse,39120,0.2,0,0.7156657816685807,11
nurse,39240,0.2,0,0.7176761052308971,11
nurse,39360,0.4,0,0.7157309313660033,11
nurse,39480,0.2,0,0.7143549435388298,11
nurse,39600,0.6,0,0.7123879014316439,11
nurse,39720,0.2,0,0.7108323806067391,11
nurse,39840,0.4,0,0.7094291744856116,11
nurse,39960,0.4,0,0.7093437978826741,11
nurse,40080,0.2,0,0.7085761155833306,11
nurse,40200,0.4,0,0.7057578750917991,11
nurse,40320,0.2,0,0.7040691348321865,11
nurse,40440,0.4,0,0.7033353610329616,11
nurse,40560,0.8,0,0.7013082534455837,11
nurse,40680,0.8,0,0.6990497269301895,11
nurse,40800,0.2,0,0.6977254866065341,11
nurse,40920,0.2,0,0.6958843423396871,11
nurse,41040,0.2,0,0.6941882217821661,11
nurse,41160,0.0,0,0.6936156022097099,11
nurse,41280,0.2,0,0.6929048540000671,11
nurse,41400,1.0,1,0.693107206786562,11
nurse,41520,0.4,0,0.6925100839437364,11
nurse,41640,0.6,0,0.6910865995151696,11
nurse,41760,0.8,0,0.6893776806319071,11
nurse,41880,0.2,0,0.6877300284315441,11
nurse,42000,0.2,0,0.6866175662788953,11
nurse,42120,0.8,0,0.6890290561305846,11
nurse,42240,1.0,0,0.6903051780534395,11
nurse,42360,0.4,0,0.6928233509421586,11
nurse,42480,0.4,0,0.691648078082206,11
nurse,42600,0.2,0,0.6896981257898965,11
nurse,42720,0.2,0,0.6881921588469785,11
nurse,42840,0.0,0,0.6865828796428655,11
nurse,42960,0.2,0,0.6851089757571286,11
nurse,43080,0.2,0,0.6839540399898499,11
nurse,43200,0.8,0,0.682049052412123,11
nurse,43320,0.2,0,0.6811111366508954,11
nurse,43440,0.4,0,0.6793542853673316,11
nurse,43560,0.8,0,0.6776641936226601,11
nurse,43680,0.0,0,0.6821476221621955,11
nurse,43800,0.4,0,0.6816799118325327,11
nurse,43920,0.6,0,0.6810622422836836,11
nurse,44040,0.4,0,0.679850696260436,11
nurse,44160,0.2,0,0.6789017797477456,11
nurse,44280,0.0,0,0.6775491408096501,11
nurse,44400,0.2,0,0.6761604360316494,11
nurse,44520,0.4,0,0.6744654831906945,11
nurse,44640,0.2,0,0.6727095357077493,11
nurse,44760,0.6,0,0.6712031098395396,11
nurse,44880,0.2,0,0.6700028181552772,11
nurse,45000,0.2,0,0.6681099182009042,11
nurse,45120,0.0,0,0.6668019970227212,11
nurse,45240,0.8,0,0.6653219251124337,11
nurse,45360,0.4,0,0.6651041481235638,11
nurse,45480,0.6,0,0.663858705917091,11
nurse,45600,0.4,0,0.6621033946904459,11
nurse,45720,0.2,0,0.6606854690572811,11
nurse,45840,0.2,0,0.6597552187243769,11
nurse,45960,1.0,1,0.6604193838761424,11
nurse,46080,0.6,0,0.6674666142803884,11
nurse,46200,0.4,0,0.6659877070506399,11
nurse,46320,0.4,0,0.6642641574127822,11
nurse,46440,0.2,0,0.6629295936367376,11
nurse,46560,0.4,0,0.6613266550683585,11
nurse,46680,0.4,0,0.6596888416477992,11
nurse,46800,0.4,0,0.6581400666773799,11
nurse,46920,0.4,0,0.6576418076762903,11
nurse,47040,0.4,0,0.6568898160429278,11
nurse,47160,0.6,0,0.6565935774821602,11
nurse,47280,0.8,0,0.6548646722836596,11
nurse,47400,0.2,0,0.6533662531182647,11
nurse,47520,1.0,0,0.6517093649024109,11
nurse,47640,0.8,0,0.6505303357911795,11
nurse,47760,0.2,0,0.649963275809102,11
nurse,47880,0.4,0,0.6488862971638554,11
nurse,48000,0.8,0,0.6473509118373458,11
nurse,48120,0.2,0,0.6454090209260764,11
nurse,48240,0.8,0,0.6459379475736032,11
nurse,48360,1.0,1,0.6459721358845565,11
nurse,48480,0.8,0,0.6456176028790838,11
nurse,48600,0.4,0,0.6440472481679607,11
nurse,48720,0.6,0,0.6431888620720208,11
nurse,48840,0.2,0,0.6418693379006929,11
nurse,48960,1.0,0,0.6405187362054076,11
nurse,49080,0.4,0,0.6393502525457602,11
nurse,49200,0.2,0,0.6381972794074661,11
nurse,49320,0.2,0,0.6370548595419684,11
nurse,49440,0.4,0,0.6362706964114392,11
nurse,49560,0.4,0,0.6348418463940632,11
nurse,49680,0.2,0,0.6334571844785093,11
nurse,49800,0.8,0,0.6318748176196185,11
nurse,49920,0.2,0,0.6323464945012163,11
nurse,50040,0.8,0,0.6324502071444545,11
nurse,50160,0.6,0,0.6314714455157714,11
nurse,50280,0.6,0,0.6301104070365724,11
nurse,50400,0.2,0,0.6288761335101861,11
nurse,50520,0.4,0,0.6277396795631419,11
nurse,50640,0.2,0,0.6264461915564337,11
nurse,50760,0.4,0,0.6253063875531272,11
nurse,50880,0.4,0,0.6264576702531047,11
nurse,51000,0.8,0,0.6283027573554689,11
nurse,51120,0.6,0,0.6277771326836183,11
nurse,51240,0.4,0,0.6264992648804572,11
nurse,51360,0.6,0,0.625560828883175,11
nurse,51480,0.8,0,0.6241474074544556,11
nurse,51600,0.6,0,0.6233313004752854,11
nurse,51720,0.6,0,0.6219616089341841,11
nurse,51840,0.6,0,0.6210467470800578,11
nurse,51960,0.8,0,0.6200031561191216,11
nurse,52080,0.4,0,0.622843227035355,11
nurse,52200,1.0,1,0.6248610171002409,11
nurse,52320,1.0,2,0.6238130376516123,11
nurse,52440,1.0,0,0.6242615449519687,11
nurse,52560,0.2,0,0.6232704211893555,11
nurse,52680,0.4,0,0.6220356580873347,11
nurse,52800,1.0,1,0.6208061812078636,11
nurse,52920,0.0,0,0.6208508043897342,11
nurse,53040,0.2,0,0.6198156609492963,11
nurse,53160,0.2,0,0.618830784369398,11
nurse,53280,1.0,0,0.617569104147547,11
nurse,53400,0.4,0,0.6169127579630144,11
nurse,53520,0.6,0,0.615984441421049,11
nurse,53640,0.8,0,0.616397420474592,11
nurse,53760,1.0,0,0.6154222322800452,11
nurse,53880,0.2,0,0.6149493670241627,11
nurse,54000,1.0,1,0.6151405645586745,11
nurse,54120,0.2,0,0.6143511402220647,11
nurse,54240,0.2,0,0.6133893867968413,11
nurse,54360,0.8,0,0.6120725158894451,11
nurse,54480,0.4,0,0.6112789021455758,11
nurse,54600,0.0,0,0.6099727506452648,11
nurse,54720,0.6,0,0.6105142728869597,11
nurse,54840,0.0,0,0.6109040935570182,11
nurse,54960,0.2,0,0.609696949929527,11
nurse,55080,0.6,0,0.6083824618562506,11
nurse,55200,0.2,0,0.6070528578746313,11
nurse,55320,0.2,0,0.6056443255627212,11
nurse,55440,0.4,0,0.6044145017092325,11
nurse,55560,0.2,0,0.6035391095711932,11
nurse,55680,0.4,0,0.6025355381773141,11
nurse,55800,0.4,0,0.6030271015391279,11
nurse,55920,0.8,0,0.6019706980186971,11
nurse,56040,1.0,1,0.6004145480022762,11
nurse,56160,0.0,0,0.6005081745757732,11
nurse,56280,0.4,0,0.5993904701918535,11
nurse,56400,0.2,0,0.5986979849520512,11
nurse,56520,0.2,0,0.6043566707363932,11
nurse,56640,0.2,0,0.6029385983434535,11
nurse,56760,0.0,0,0.6030226392204022,11
nurse,56880,0.4,0,0.601983959204956,11
nurse,57000,0.8,0,0.6007162677183651,11
nurse,57120,0.2,0,0.5999877802937731,11
nurse,57240,0.6,0,0.5985531094638985,11
nurse,57360,0.6,0,0.5972509939275208,11
nurse,57480,0.6,0,0.5962050202078577,11
nurse,57600,0.6,0,0.5946461800759546,11
nurse,57720,0.8,0,0.5933918749096789,11
nurse,57840,0.6,0,0.5922783371961288,11
nurse,57960,1.0,0,0.5922051500534917,11
nurse,58080,0.0,0,0.5923708812563782,11
nurse,58200,0.8,0,0.5913476468176712,11
nurse,58320,0.8,0,0.5918025196567293,11
nurse,58440,0.6,0,0.5905499152626752,11
nurse,58560,0.8,0,0.5894543506266925,11
nurse,58680,0.6,0,0.5885242929972478,11
nurse,58800,0.2,0,0.5926546805693034,11
nurse,58920,0.4,0,0.5915637262322597,11
nurse,59040,1.0,1,0.5904482945179307,11
nurse,59160,0.2,0,0.5898155905903043,11
nurse,59280,0.0,0,0.5896006524161581,11
nurse,59400,0.8,0,0.5893396763928002,11
nurse,59520,0.6,0,0.5883629129461333,11
nurse,59640,0.6,0,0.5870535882359559,11
nurse,59760,0.6,0,0.5863023747273026,11
nurse,59880,0.0,0,0.5851201545873765,11
nurse,60000,0.8,0,0.5847448489102615,11
nurse,60120,0.4,0,0.5844935799907944,11
nurse,60240,0.0,0,0.5833213104761718,11
nurse,60360,0.4,0,0.5822571403357293,11
nurse,60480,0.4,0,0.5810556511957171,11
nurse,60600,0.2,0,0.5801674230967205,11
nurse,60720,0.8,0,0.5793203509366376,11
nurse,60840,0.8,0,0.5781760646735231,11
nurse,60960,0.6,0,0.5772587495712448,11
nurse,61080,0.0,0,0.5778119669351082,11
nurse,61200,0.2,0,0.5770126223168186,11
nurse,61320,0.2,0,0.5763610371250345,11
nurse,61440,0.6,0,0.575528309547918,11
nurse,61560,0.8,0,0.5775485190334002,11
nurse,61680,0.6,0,0.5789962702191735,11
nurse,61800,0.8,0,0.5788672721751854,11
nurse,61920,0.2,0,0.5784492261861517,11
nurse,62040,0.6,0,0.5775407712636912,11
nurse,62160,0.4,0,0.5765997374947953,11
nurse,62280,0.8,0,0.5762393475327456,11
nurse,62400,0.4,0,0.5774512889802652,11
nurse,62520,0.6,0,0.5767228478610894,11
nurse,62640,0.2,0,0.5758091418775458,11
nurse,62760,0.4,0,0.5746646856745453,11
nurse,62880,0.8,0,0.5732752542566848,11
nurse,63000,0.6,0,0.5725979139409149,11
nurse,63120,0.2,0,0.5718127529523239,11
nurse,63240,0.2,0,0.5716508842145217,11
nurse,63360,0.4,0,0.5706854706975142,11
nurse,63480,0.2,0,0.5696732965555283,11
nurse,63600,1.0,0,0.5691688671101887,11
nurse,63720,1.0,0,0.5681631414835902,11
nurse,63840,0.4,0,0.5671966950134801,11
nurse,63960,1.0,1,0.5659132025865214,11
nurse,64080,1.0,0,0.5674839127073693,11
nurse,64200,0.4,0,0.5664538029509526,11
nurse,64320,1.0,1,0.5655757153514176,11
nurse,64440,0.2,0,0.566000537669494,11
nurse,64560,0.0,0,0.565134754288315,11
nurse,64680,0.2,0,0.564758286629621,11
nurse,64800,0.2,0,0.56384823299142,11
nurse,64920,0.4,0,0.5641051869611982,11
nurse,65040,1.0,0,0.56298461286344,11
nurse,65160,0.4,0,0.5631403564698344,11
nurse,65280,0.2,0,0.5621364795127637,11
nurse,65400,0.2,0,0.5611706092730513,11
nurse,65520,0.6,0,0.5598650819587145,11
nurse,65640,0.2,0,0.560591920467441,11
nurse,65760,0.6,0,0.559566197265805,11
nurse,65880,0.4,0,0.5589620731607815,11
nurse,66000,0.4,0,0.5578935863002072,11
nurse,66120,0.4,0,0.5569463411109279,11
nurse,66240,0.2,0,0.5561033005122494,11
nurse,66360,0.2,0,0.555430151264985,11
nurse,66480,1.0,2,0.5567336733080687,11
nurse,66600,0.4,0,0.5577553076060523,11
nurse,66720,0.2,0,0.5568510424757261,11
nurse,66840,0.2,0,0.5560048201715233,11
nurse,66960,0.4,0,0.55504201258834,11
nurse,67080,1.0,0,0.5544050299726876,11
nurse,67200,0.4,0,0.5535314301133265,11
nurse,67320,0.2,0,0.5531042411033412,11
nurse,67440,0.6,0,0.5522237045524023,11
nurse,67560,0.6,0,0.5516298127420146,11
nurse,67680,0.2,0,0.5504022718547035,11
nurse,67800,0.0,0,0.5496731673465942,11
nurse,67920,0.4,0,0.5486665565334565,11
nurse,68040,0.6,0,0.5478908495985843,11
nurse,68160,0.4,0,0.5469881756480834,11
nurse,68280,0.4,0,0.5459281210441144,11
nurse,68400,0.6,0,0.5479640217099686,11
nurse,68520,0.2,0,0.5469699972104072,11
nurse,68640,0.8,0,0.5459330018262639,11
nurse,68760,0.2,0,0.5450495743829729,11
nurse,68880,0.8,0,0.5440292427874649,11
nurse,69000,0.4,0,0.5435303038871275,11
nurse,69120,0.2,0,0.5428840524702016,11
nurse,69240,0.2,0,0.542092418375376,11
nurse,69360,0.8,0,0.5411522650309859,11
nurse,69480,0.4,0,0.5409685004308845,11
nurse,69600,0.2,0,0.5401913976572015,11
nurse,69720,0.2,0,0.5393263962720524,11
nurse,69840,0.6,0,0.5385828823705916,11
nurse,69960,0.4,0,0.5377488758424884,11
nurse,70080,0.6,0,0.5372255788286106,11
nurse,70200,0.8,0,0.5366454196174795,11
nurse,70320,0.8,0,0.5357471098293572,11
nurse,70440,1.0,0,0.5352190318341354,11
nurse,70560,0.2,0,0.5345192798029743,11
nurse,70680,0.6,0,0.53415050964982,11
nurse,70800,0.4,0,0.5334541733282224,11
nurse,70920,0.8,0,0.5328501375774124,11
nurse,71040,1.0,1,0.5321872762244746,11
nurse,71160,0.4,0,0.5315559833195475,11
nurse,71280,0.6,0,0.5308662794471398,11
nurse,71400,0.8,0,0.5299961539749807,11
nurse,71520,0.8,0,0.5292518609826552,11
nurse,71640,0.4,0,0.5317813783370393,11
nurse,71760,0.4,0,0.5309330693386641,11
nurse,71880,0.6,0,0.5301319072712557,11
nurse,72000,0.2,0,0.5294808940443528,11
nurse,72120,0.8,0,0.530084270990281,11
nurse,72240,0.4,0,0.5292884371759605,11
nurse,72360,0.0,0,0.5285536817242754,11
nurse,72480,0.2,0,0.5278748282696221,11
nurse,72600,0.0,0,0.5316617643157497,11
nurse,72720,0.2,0,0.5325658497562592,11
nurse,72840,1.0,1,0.5337644060162198,11
nurse,72960,0.6,0,0.5329631543921594,11
nurse,73080,0.8,0,0.5330974917319403,11
nurse,73200,0.4,0,0.5322424945773543,11
nurse,73320,0.4,0,0.5324599818671261,11
nurse,73440,0.0,0,0.5317026950924122,11
nurse,73560,1.0,1,0.5309700803978565,11
nurse,73680,1.0,5,0.5354092406774105,11
nurse,73800,0.0,0,0.5365095817112349,11
nurse,73920,0.6,0,0.5355594863311659,11
nurse,74040,0.2,0,0.5352579710758227,11
nurse,74160,0.4,0,0.5342732423805909,11
nurse,74280,0.2,0,0.5333497430149463,11
nurse,74400,0.8,0,0.5330288855464382,11
nurse,74520,0.6,0,0.5323791401168784,11
nurse,74640,1.0,0,0.5316936733842264,11
nurse,74760,0.4,0,0.5312240353319232,11
nurse,74880,0.2,0,0.5312569086791753,11
nurse,75000,1.0,1,0.5305552723442146,11
nurse,75120,0.2,0,0.530352342620966,11
nurse,75240,1.0,3,0.529623526788133,11
nurse,75360,0.2,0,0.5369844492071445,11
nurse,75480,1.0,1,0.5362713982043196,11
nurse,75600,0.6,0,0.5361249106635481,11
nurse,75720,0.4,0,0.5353299364804956,11
nurse,75840,0.2,0,0.5346504041128258,11
nurse,75960,0.4,0,0.5337752239181118,11
nurse,76080,0.6,0,0.5329029042417208,11
nurse,76200,0.2,0,0.5322793578761863,11
nurse,76320,0.6,0,0.5318780870939958,11
nurse,76440,1.0,0,0.5322871616737482,11
nurse,76560,0.2,0,0.5317154920440917,11
nurse,76680,0.2,0,0.5308809048646163,11
nurse,76800,0.2,0,0.5302751462711219,11
nurse,76920,0.4,0,0.5339720037365504,11
nurse,77040,0.6,0,0.5350642327637518,11
nurse,77160,0.2,0,0.5344594944433955,11
nurse,77280,0.4,0,0.53372663964264,11
nurse,77400,0.0,0,0.5330901306354957,11
nurse,77520,0.2,0,0.5323448588741352,11
nurse,77640,0.6,0,0.5318491676289989,11
nurse,77760,0.0,0,0.532287525806234,11
nurse,77880,0.0,0,0.531683340192379,11
nurse,78000,0.8,0,0.5312601666108171,11
nurse,78120,0.8,0,0.5305020632235384,11
nurse,78240,0.4,0,0.5297669564384714,11
nurse,78360,0.4,0,0.529191229097698,11
nurse,78480,0.6,0,0.5291147638517822,11
nurse,78600,0.8,0,0.5285737190500525,11
nurse,78720,0.4,0,0.5280027500320679,11
nurse,78840,0.2,0,0.5271684523996202,11
nurse,78960,0.2,0,0.5264707491793407,11
nurse,79080,0.2,0,0.5255320620384929,11
nurse,79200,0.0,0,0.5248634559102401,11
nurse,79320,0.6,0,0.5245456124745262,11
nurse,79440,0.8,0,0.5250532115543453,11
nurse,79560,0.8,0,0.5247356994711813,11
nurse,79680,0.4,0,0.5239093697450056,11
nurse,79800,0.4,0,0.5233287145241294,11
nurse,79920,0.2,0,0.5226178489361559,11
nurse,80040,1.0,0,0.5216992257585361,11
nurse,80160,0.4,0,0.5208882807653799,11
nurse,80280,0.8,0,0.5207763906884537,11
nurse,80400,0.6,0,0.5199589242670078,11
nurse,80520,0.2,0,0.5192712375639339,11
nurse,80640,1.0,3,0.5184585665146223,11
nurse,80760,0.2,0,0.5194187291784789,11
nurse,80880,0.4,0,0.5185840320742606,11
nurse,81000,0.6,0,0.5176439893849734,11
nurse,81120,0.8,0,0.5185343499363003,11
nurse,81240,0.2,0,0.518787677860834,11
nurse,81360,0.6,0,0.5185819804760441,11
nurse,81480,0.6,0,0.519143127986659,11
nurse,81600,0.4,0,0.5184285820699494,11
nurse,81720,0.2,0,0.5183725792299368,11
nurse,81840,0.6,0,0.5176757356666641,11
nurse,81960,1.0,1,0.5207870695466312,11
nurse,38880,0.4,0,0.6039603005553833,12
nurse,39000,0.2,0,0.6023236822654549,12
nurse,39120,0.6,0,0.600990243928589,12
nurse,39240,0.6,0,0.5991687743460163,12
nurse,39360,0.4,0,0.5975904945269604,12
nurse,39480,0.8,0,0.5958978491009593,12
nurse,39600,0.4,0,0.6005057668828458,12
nurse,39720,0.0,0,0.5998041196549971,12
nurse,39840,0.0,0,0.598504307732971,12
nurse,39960,0.2,0,0.5973140137719772,12
nurse,40080,0.4,0,0.5959099455711421,12
nurse,40200,0.0,0,0.5950939499492723,12
nurse,40320,0.4,0,0.5931215192319517,12
nurse,40440,0.6,0,0.5913891440316078,12
nurse,40560,0.4,0,0.5898423546400693,12
nurse,40680,0.4,0,0.5880195680298825,12
nurse,40800,1.0,1,0.5885587558460386,12
nurse,40920,0.4,0,0.5873939311813635,12
nurse,41040,0.6,0,0.5852601992833718,12
nurse,41160,0.2,0,0.5837913836372787,12
nurse,41280,0.2,0,0.5825697142336812,12
nurse,41400,1.0,3,0.5815668426482199,12
nurse,41520,0.2,0,0.5840301721263786,12
nurse,41640,0.4,0,0.5829280204522395,12
nurse,41760,0.2,0,0.5818848225254626,12
nurse,41880,0.8,0,0.5800358989345393,12
nurse,42000,0.6,0,0.5794286753999243,12
nurse,42120,0.4,0,0.5777614350609899,12
nurse,42240,0.2,0,0.5764478266701211,12
nurse,42360,0.4,0,0.5751662381717343,12
nurse,42480,0.6,0,0.5737548829303768,12
nurse,42600,0.6,0,0.5720109471159989,12
nurse,42720,0.4,0,0.5713616588751421,12
nurse,42840,0.6,0,0.5701241079880396,12
nurse,42960,0.4,0,0.5717866788685645,12
nurse,43080,0.4,0,0.5705589033453994,12
nurse,43200,0.6,0,0.5690057986271014,12
nurse,43320,0.4,0,0.5705126816374395,12
nurse,43440,0.6,0,0.5699998240464591,12
nurse,43560,0.4,0,0.5694562293271467,12
nurse,43680,0.6,0,0.5698443634656449,12
nurse,43800,0.2,0,0.5686924876631493,12
nurse,43920,0.2,0,0.5676753306471177,12
nurse,44040,0.4,0,0.5663079264248436,12
nurse,44160,0.6,0,0.5650531440001907,12
nurse,44280,0.0,0,0.5642525322727004,12
nurse,44400,0.8,0,0.5653092547948751,12
nurse,44520,0.0,0,0.5640684322485895,12
nurse,44640,1.0,1,0.5627265954494081,12
nurse,44760,1.0,2,0.5641683685019551,12
nurse,44880,0.4,0,0.5763794600504103,12
nurse,45000,0.8,0,0.5787271886183613,12
nurse,45120,0.8,0,0.5770852150715169,12
nurse,45240,0.4,0,0.5758322073959233,12
nurse,45360,0.2,0,0.5744850564038351,12
nurse,45480,0.8,0,0.5731937439229408,12
nurse,45600,0.4,0,0.571415326722111,12
nurse,45720,0.0,0,0.5698927313010707,12
nurse,45840,0.6,0,0.5685079010637922,12
nurse,45960,0.4,0,0.5673624871595515,12
nurse,46080,0.6,0,0.5658594651707511,12
nurse,46200,0.4,0,0.5732142021478431,12
nurse,46320,0.4,0,0.5723716947867351,12
nurse,46440,1.0,0,0.5710139341247302,12
nurse,46560,0.2,0,0.5714232461668789,12
nurse,46680,1.0,0,0.5700770239630363,12
nurse,46800,0.8,0,0.5687752522305936,12
nurse,46920,0.0,0,0.5676474591460732,12
nurse,47040,0.0,0,0.5663206264508491,12
nurse,47160,1.0,1,0.5664230047171122,12
nurse,47280,0.8,0,0.5656079826310009,12
nurse,47400,0.2,0,0.5660565710187083,12
nurse,47520,1.0,1,0.5806975331337626,12
nurse,47640,0.6,0,0.5805453763345522,12
nurse,47760,0.6,0,0.5888699483891668,12
nurse,47880,0.8,0,0.5880252359731081,12
nurse,48000,0.8,0,0.5865381432732251,12
nurse,48120,0.4,0,0.5860790888707816,12
nurse,48240,0.8,0,0.5850728440793362,12
nurse,48360,0.4,0,0.586424432145748,12
nurse,48480,0.4,0,0.585031234745994,12
nurse,48600,1.0,3,0.585173673195583,12
nurse,48720,1.0,0,0.5928501990658309,12
nurse,48840,0.8,0,0.5912332724639595,12
nurse,48960,1.0,2,0.5894396540419866,12
nurse,49080,0.8,0,0.5887159594419747,12
nurse,49200,0.6,0,0.5946218419860975,12
nurse,49320,0.2,0,0.5934658700925703,12
nurse,49440,1.0,0,0.592594680612043,12
nurse,49560,0.6,0,0.5914354260622842,12
nurse,49680,0.0,0,0.5903866743179345,12
nurse,49800,0.8,0,0.5900736763399811,12
nurse,49920,0.2,0,0.5885483409710935,12
nurse,50040,0.8,0,0.5871649145613888,12
nurse,50160,1.0,1,0.5874816433458125,12
nurse,50280,0.0,0,0.5865610905815778,12
nurse,50400,0.2,0,0.5906480391963259,12
nurse,50520,1.0,1,0.591326133243431,12
nurse,50640,0.8,0,0.5912989014710774,12
nurse,50760,1.0,0,0.5900688597998452,12
nurse,50880,0.8,0,0.5887127058968413,12
nurse,51000,0.8,0,0.5896904717736068,12
nurse,51120,0.4,0,0.5890906067038524,12
nurse,51240,0.8,0,0.5895909533547047,12
nurse,51360,0.6,0,0.5887132076726813,12
nurse,51480,0.4,0,0.5870853338802763,12
nurse,51600,0.4,0,0.5860727032589281,12
nurse,51720,0.4,0,0.5848642859238042,12
nurse,51840,0.2,0,0.5871356962068582,12
nurse,51960,0.4,0,0.5862888532970634,12
nurse,52080,1.0,3,0.5850431611745363,12
nurse,52200,0.2,0,0.5894765609647465,12
nurse,52320,0.2,0,0.5882437624857902,12
nurse,52440,0.2,0,0.5870614949863769,12
nurse,52560,0.6,0,0.5857969340895034,12
nurse,52680,0.4,0,0.5844775404053648,12
nurse,52800,0.6,0,0.5841327132156083,12
nurse,52920,0.6,0,0.5825818040279277,12
nurse,53040,0.6,0,0.5818041700165584,12
nurse,53160,0.8,0,0.5803529674796523,12
nurse,53280,0.6,0,0.5792480998546634,12
nurse,53400,0.2,0,0.5782553037088841,12
nurse,53520,0.6,0,0.577800956658874,12
nurse,53640,0.6,0,0.5767926513465921,12
nurse,53760,0.4,0,0.5779422497312237,12
nurse,53880,1.0,3,0.5775479249935741,12
nurse,54000,0.4,0,0.5829952204205332,12
nurse,54120,0.0,0,0.5820912745563512,12
nurse,54240,0.4,0,0.5829816008024806,12
nurse,54360,0.0,0,0.5820988977117626,12
nurse,54480,0.8,0,0.5810575067739455,12
nurse,54600,0.6,0,0.5798533715948372,12
nurse,54720,0.6,0,0.5791298528792813,12
nurse,54840,1.0,0,0.5797515006907091,12
nurse,54960,0.4,0,0.5788037903484288,12
nurse,55080,0.4,0,0.5777361897135634,12
nurse,55200,0.4,0,0.5767542018556931,12
nurse,55320,0.0,0,0.5805394368275136,12
nurse,55440,0.6,0,0.5798347064851337,12
nurse,55560,0.6,0,0.5786035420189268,12
nurse,55680,0.4,0,0.578101218605555,12
nurse,55800,0.2,0,0.5771662068276894,12
nurse,55920,1.0,0,0.5763282691601945,12
nurse,56040,0.0,0,0.578386030533187,12
nurse,56160,0.6,0,0.5774992445082564,12
nurse,56280,0.4,0,0.576150459848224,12
nurse,56400,0.4,0,0.5751715143694629,12
nurse,56520,0.8,0,0.5764471368416856,12
nurse,56640,0.0,0,0.5768179563603197,12
nurse,56760,0.0,0,0.5755999792140661,12
nurse,56880,0.4,0,0.5762561545275824,12
nurse,57000,0.4,0,0.5753069336827875,12
nurse,57120,0.6,0,0.5743608348470752,12
nurse,57240,0.6,0,0.5735747929217336,12
nurse,57360,0.6,0,0.5723215911346585,12
nurse,57480,0.2,0,0.5712479183783027,12
nurse,57600,0.4,0,0.5707344427432393,12
nurse,57720,1.0,0,0.5697927313749089,12
nurse,57840,0.2,0,0.5690651131581085,12
nurse,57960,0.6,0,0.5680259708576034,12
nurse,58080,0.0,0,0.5697698218622218,12
nurse,58200,0.6,0,0.5687721106978619,12
nurse,58320,0.2,0,0.5673964189493321,12
nurse,58440,0.0,0,0.5671771268853443,12
nurse,58560,1.0,1,0.5658124445856603,12
nurse,58680,0.6,0,0.5657454487556514,12
nurse,58800,0.6,0,0.5668712563462631,12
nurse,58920,0.4,0,0.5657797440672616,12
nurse,59040,0.6,0,0.5648720485017669,12
nurse,59160,0.4,0,0.5640885912494104,12
nurse,59280,0.6,0,0.5630301203956976,12
nurse,59400,0.2,0,0.5618067865813007,12
nurse,59520,0.8,0,0.560909439164168,12
nurse,59640,0.0,0,0.5605322244283654,12
nurse,59760,0.8,0,0.5597475262833236,12
nurse,59880,1.0,0,0.5585993625827975,12
nurse,60000,0.2,0,0.5585309949344723,12
nurse,60120,0.6,0,0.5580521389734723,12
nurse,60240,0.4,0,0.5568572440483409,12
nurse,60360,0.0,0,0.5558114011575048,12
nurse,60480,0.8,0,0.5550948831876934,12
nurse,60600,0.4,0,0.554271512730237,12
nurse,60720,0.4,0,0.5548662062741633,12
nurse,60840,0.0,0,0.554081640650535,12
nurse,60960,0.6,0,0.5530863056958797,12
nurse,61080,0.4,0,0.5521974628954559,12
nurse,61200,0.4,0,0.5528062255018147,12
nurse,61320,0.8,0,0.551544035386953,12
nurse,61440,0.2,0,0.5522229232613811,12
nurse,61560,1.0,1,0.5512577635753525,12
nurse,61680,0.2,0,0.5524060210516549,12
nurse,61800,0.0,0,0.5528354300260615,12
nurse,61920,1.0,3,0.5521946422245813,12
nurse,62040,0.2,0,0.5596993971005472,12
nurse,62160,0.6,0,0.5587489043826583,12
nurse,62280,0.4,0,0.5577162907983677,12
nurse,62400,1.0,1,0.5575628137636636,12
nurse,62520,0.8,0,0.5571607864293883,12
nurse,62640,0.4,0,0.5559782978689264,12
nurse,62760,1.0,2,0.5574763964847839,12
nurse,62880,0.6,0,0.562804654493164,12
nurse,63000,1.0,0,0.56194322814207,12
nurse,63120,1.0,0,0.5607269008084292,12
nurse,63240,0.8,0,0.5668859354247195,12
nurse,63360,1.0,0,0.5658041436950982,12
nurse,63480,0.6,0,0.5654576918277501,12
nurse,63600,0.6,0,0.5646246049889615,12
nurse,63720,0.2,0,0.567044085216613,12
nurse,63840,1.0,0,0.5663083393040679,12
nurse,63960,0.2,0,0.5657139433117498,12
nurse,64080,0.4,0,0.5651592894177013,12
nurse,64200,0.8,0,0.5643390077452064,12
nurse,64320,0.4,0,0.5634812453915079,12
nurse,64440,1.0,1,0.5624212345530385,12
nurse,64560,0.4,0,0.561819327729381,12
nurse,64680,0.4,0,0.5606373007789622,12
nurse,64800,0.6,0,0.5606575651872442,12
nurse,64920,0.6,0,0.5598468294178587,12
nurse,65040,1.0,3,0.5590384349827447,12
nurse,65160,1.0,1,0.5611561650944414,12
nurse,65280,0.0,0,0.5617179737199421,12
nurse,65400,0.6,0,0.5606764486774565,12
nurse,65520,0.0,0,0.5594259960146033,12
nurse,65640,0.6,0,0.5587999527093334,12
nurse,65760,0.6,0,0.5578691734900673,12
nurse,65880,0.4,0,0.5572940162589968,12
nurse,66000,0.6,0,0.5565787637074908,12
nurse,66120,0.2,0,0.5558931920906507,12
nurse,66240,0.8,0,0.5570449544557406,12
nurse,66360,0.8,0,0.5578069749675217,12
nurse,66480,0.2,0,0.557976321826706,12
nurse,66600,0.4,0,0.557386009507858,12
nurse,66720,0.6,0,0.5569041989158352,12
nurse,66840,1.0,3,0.5642584958983257,12
nurse,66960,0.2,0,0.5668862085193079,12
nurse,67080,0.8,0,0.5660798669648135,12
nurse,67200,0.6,0,0.565190011561457,12
nurse,67320,0.6,0,0.5646276975466863,12
nurse,67440,0.4,0,0.5638412623577177,12
nurse,67560,0.0,0,0.5629213799641303,12
nurse,67680,0.8,0,0.5620807092594752,12
nurse,67800,0.2,0,0.5613014846163243,12
nurse,67920,0.4,0,0.5605244174941052,12
nurse,68040,0.4,0,0.5593110667508521,12
nurse,68160,0.6,0,0.5583790423334657,12
nurse,68280,1.0,3,0.5579361244947936,12
nurse,68400,1.0,2,0.5607909416958552,12
nurse,68520,0.8,0,0.5605999937370255,12
nurse,68640,0.4,0,0.5598136128985944,12
nurse,68760,0.4,0,0.5596021365296621,12
nurse,68880,1.0,0,0.5588077562494715,12
nurse,69000,0.6,0,0.5580145811000801,12
nurse,69120,0.8,0,0.5570341655472518,12
nurse,69240,0.4,0,0.5562774969954556,12
nurse,69360,0.4,0,0.5559348393981025,12
nurse,69480,0.4,0,0.5550448142617911,12
nurse,69600,0.6,0,0.5543881785173542,12
nurse,69720,0.4,0,0.5535773503325396,12
nurse,69840,1.0,0,0.552655563381682,12
nurse,69960,0.0,0,0.5519428192997163,12
nurse,70080,1.0,4,0.5511491554852704,12
nurse,70200,0.4,0,0.5516920561980261,12
nurse,70320,0.0,0,0.5509528941733092,12
nurse,70440,1.0,1,0.5502211466591047,12
nurse,70560,0.4,0,0.5496476551914423,12
nurse,70680,1.0,1,0.5508538743689633,12
nurse,70800,1.0,1,0.5532644908365216,12
nurse,70920,0.0,0,0.5528003339943682,12
nurse,71040,0.6,0,0.5519748025221421,12
nurse,71160,0.2,0,0.5511517330093517,12
nurse,71280,0.8,0,0.5508711374522226,12
nurse,71400,1.0,0,0.5507120091652681,12
nurse,71520,0.0,0,0.5509663219655746,12
nurse,71640,0.8,0,0.5503317619187791,12
nurse,71760,0.2,0,0.5500207558432764,12
nurse,71880,0.6,0,0.5494535117127068,12
nurse,72000,0.6,0,0.5486014549618563,12
nurse,72120,0.0,0,0.5479793570131569,12
nurse,72240,0.6,0,0.5470857847163744,12
nurse,72360,0.4,0,0.5464785380783508,12
nurse,72480,0.8,0,0.5458555507649774,12
nurse,72600,0.6,0,0.5450651378113271,12
nurse,72720,1.0,1,0.5442392368503057,12
nurse,72840,0.8,0,0.543674346587735,12
nurse,72960,0.6,0,0.5429116654065935,12
nurse,73080,0.8,0,0.542615068039826,12
nurse,73200,0.2,0,0.5416736226153783,12
nurse,73320,0.8,0,0.5408011750325123,12
nurse,73440,0.2,0,0.5411324629663773,12
nurse,73560,0.6,0,0.540321690868611,12
nurse,73680,0.0,0,0.5396286745913104,12
nurse,73800,0.0,0,0.5388511531539889,12
nurse,73920,0.6,0,0.53802453193269,12
nurse,74040,0.6,0,0.5377070947280633,12
nurse,74160,1.0,0,0.5370665082902112,12
nurse,74280,0.6,0,0.5371964450062815,12
nurse,74400,0.4,0,0.536743913284605,12
nurse,74520,0.8,0,0.5367710255835757,12
nurse,74640,0.6,0,0.5360821011652686,12
nurse,74760,0.2,0,0.5357209726575664,12
nurse,74880,0.6,0,0.5349038523605554,12
nurse,75000,0.8,0,0.5350146853699107,12
nurse,75120,0.2,0,0.5342851709048586,12
nurse,75240,0.6,0,0.533613536497687,12
nurse,75360,0.4,0,0.5328320940802214,12
nurse,75480,0.4,0,0.5325870718386901,12
nurse,75600,0.6,0,0.5315598226254269,12
nurse,75720,0.2,0,0.5309045610943233,12
nurse,75840,1.0,0,0.5306952378586436,12
nurse,75960,1.0,2,0.5334813935507534,12
nurse,76080,1.0,0,0.5329768664151582,12
nurse,76200,0.2,0,0.5322650941955377,12
nurse,76320,0.2,0,0.5316605909653326,12
nurse,76440,0.4,0,0.5308384777892611,12
nurse,76560,0.0,0,0.5301715650265753,12
nurse,76680,0.6,0,0.5294902506888728,12
nurse,76800,0.2,0,0.5291082248673564,12
nurse,76920,0.0,0,0.528728313330371,12
nurse,77040,0.6,0,0.5279701246192547,12
nurse,77160,0.2,0,0.5275387887999077,12
nurse,77280,0.2,0,0.526730589246032,12
nurse,77400,0.0,0,0.5262493427197431,12
nurse,77520,0.0,0,0.5254721755893834,12
nurse,77640,0.8,0,0.5246172714448487,12
nurse,77760,0.6,0,0.5239513106554652,12
nurse,77880,0.2,0,0.5234197581438945,12
nurse,78000,0.4,0,0.5227303501544448,12
nurse,78120,0.2,0,0.5220043942329284,12
nurse,78240,0.2,0,0.5213187954124566,12
nurse,78360,0.6,0,0.5208755551370083,12
nurse,78480,1.0,0,0.5202811480783816,12
nurse,78600,0.2,0,0.5197087813680951,12
nurse,78720,0.8,0,0.5191070084986763,12
nurse,78840,0.2,0,0.5184820176185734,12
nurse,78960,1.0,0,0.517830185955429,12
nurse,79080,0.2,0,0.517723947234936,12
nurse,79200,0.6,0,0.5169181663603692,12
nurse,79320,0.2,0,0.5163252520462712,12
nurse,79440,0.0,0,0.5158427718286576,12
nurse,79560,0.0,0,0.5151999340503376,12
nurse,79680,0.6,0,0.5144067282914321,12
nurse,79800,0.6,0,0.5139630923577365,12
nurse,79920,0.4,0,0.5130680012550279,12
nurse,80040,1.0,0,0.5125215076302836,12
nurse,80160,0.8,0,0.5116424126384903,12
nurse,80280,0.8,0,0.5111717845005208,12
nurse,80400,0.4,0,0.5110865158295618,12
nurse,80520,0.8,0,0.5103586868686965,12
nurse,80640,1.0,0,0.5126025874935244,12
nurse,80760,1.0,2,0.5125029290635852,12
nurse,80880,0.6,0,0.5123208702337686,12
nurse,81000,0.2,0,0.5117956437997271,12
nurse,81120,0.2,0,0.5115386561246809,12
nurse,81240,0.4,0,0.5109405693245158,12
nurse,81360,0.6,0,0.5104990870034717,12
nurse,81480,0.2,0,0.5098031727103127,12
nurse,81600,1.0,1,0.5104790426454162,12
nurse,81720,1.0,1,0.5102263459224758,12
nurse,81840,0.8,0,0.5101815779654055,12
nurse,81960,1.0,1,0.5101368958998386,12
nurse,38880,0.6,0,0.5877733076438255,13
nurse,39000,0.2,0,0.5862507366469241,13
nurse,39120,0.4,0,0.584751895338908,13
nurse,39240,0.4,0,0.5845591401020556,13
nurse,39360,0.6,0,0.5827535487852927,13
nurse,39480,0.2,0,0.581196600334317,13
nurse,39600,1.0,1,0.5796918970618922,13
nurse,39720,0.8,0,0.5835568879756003,13
nurse,39840,0.4,0,0.5830402193177219,13
nurse,39960,0.0,0,0.5815086931808999,13
nurse,40080,1.0,0,0.5813182732499159,13
nurse,40200,0.0,0,0.5808470966671168,13
nurse,40320,0.8,0,0.5795086052110158,13
nurse,40440,0.6,0,0.5804581375433883,13
nurse,40560,0.4,0,0.5794874743427219,13
nurse,40680,1.0,1,0.5777054971872192,13
nurse,40800,0.4,0,0.5765015881941746,13
nurse,40920,0.2,0,0.574908413651198,13
nurse,41040,0.8,0,0.57332402038523,13
nurse,41160,0.2,0,0.5722538606065366,13
nurse,41280,1.0,0,0.5711033448841841,13
nurse,41400,0.8,0,0.5730681878841799,13
nurse,41520,0.2,0,0.5718030553514116,13
nurse,41640,0.6,0,0.5709200886171835,13
nurse,41760,1.0,2,0.570089169961245,13
nurse,41880,1.0,0,0.5698235042926308,13
nurse,42000,0.2,0,0.5693987308055514,13
nurse,42120,0.8,0,0.5682728680052316,13
nurse,42240,0.0,0,0.5667071688690568,13
nurse,42360,0.8,0,0.565461301455179,13
nurse,42480,0.2,0,0.5641175241846003,13
nurse,42600,0.6,0,0.5636653371049649,13
nurse,42720,0.4,0,0.5629170822350436,13
nurse,42840,0.0,0,0.5616921917060551,13
nurse,42960,0.2,0,0.5606264448514939,13
nurse,43080,0.4,0,0.5599928946575757,13
nurse,43200,0.4,0,0.558899970422999,13
nurse,43320,0.6,0,0.5624762938709601,13
nurse,43440,0.8,0,0.5635600076946902,13
nurse,43560,0.0,0,0.5626687136086533,13
nurse,43680,0.4,0,0.5612885399280784,13
nurse,43800,1.0,0,0.5598344245396636,13
nurse,43920,0.4,0,0.5583783627975748,13
nurse,44040,0.2,0,0.5574479004692301,13
nurse,44160,0.6,0,0.5586755380826001,13
nurse,44280,1.0,1,0.5611652016530818,13
nurse,44400,0.6,0,0.5596593850967202,13
nurse,44520,0.6,0,0.5584864776389604,13
nurse,44640,0.6,0,0.5570696414177148,13
nurse,44760,0.4,0,0.5564520718808537,13
nurse,44880,0.2,0,0.5548991357781974,13
nurse,45000,0.6,0,0.5535461568647636,13
nurse,45120,0.8,0,0.552465278680898,13
nurse,45240,0.6,0,0.5526711399321061,13
nurse,45360,0.2,0,0.5513679343565552,13
nurse,45480,1.0,1,0.5503023915171136,13
nurse,45600,0.2,0,0.5494286870475187,13
nurse,45720,0.4,0,0.5494657120573546,13
nurse,45840,0.2,0,0.5484486314092095,13
nurse,45960,1.0,1,0.5486888353261362,13
nurse,46080,1.0,3,0.5485141709097482,13
nurse,46200,0.2,0,0.548716651518079,13
nurse,46320,0.4,0,0.5472817230360758,13
nurse,46440,0.4,0,0.5511494535691198,13
nurse,46560,0.4,0,0.5507117222732905,13
nurse,46680,0.2,0,0.5493053130144283,13
nurse,46800,0.6,0,0.5478378479417424,13
nurse,46920,0.0,0,0.5471547469300903,13
nurse,47040,0.2,0,0.5457940156325197,13
nurse,47160,0.6,0,0.5448718824234676,13
nurse,47280,1.0,1,0.5443537430513872,13
nurse,47400,0.6,0,0.5438099290810021,13
nurse,47520,0.8,0,0.5423243469488547,13
nurse,47640,0.2,0,0.5413587843133376,13
nurse,47760,0.0,0,0.5425044305579934,13
nurse,47880,0.2,0,0.5435424154591989,13
nurse,48000,1.0,0,0.5422294671917097,13
nurse,48120,0.4,0,0.5411839207677146,13
nurse,48240,0.6,0,0.5400136284122418,13
nurse,48360,0.2,0,0.5386622429557545,13
nurse,48480,1.0,0,0.5371388261981024,13
nurse,48600,0.4,0,0.5362425015857727,13
nurse,48720,0.6,0,0.5372722411781428,13
nurse,48840,0.4,0,0.5366781629092636,13
nurse,48960,0.4,0,0.5355710026149618,13
nurse,49080,0.8,0,0.5344597032477599,13
nurse,49200,0.4,0,0.5340899975115527,13
nurse,49320,0.6,0,0.5326942539492523,13
nurse,49440,0.4,0,0.5322016882308442,13
nurse,49560,0.6,0,0.5310335355942919,13
nurse,49680,0.8,0,0.535079138047276,13
nurse,49800,0.4,0,0.5338339675877205,13
nurse,49920,1.0,0,0.5328430724820373,13
nurse,50040,1.0,0,0.5319351404997594,13
nurse,50160,0.6,0,0.5307174152231499,13
nurse,50280,0.4,0,0.5293721729257153,13
nurse,50400,0.0,0,0.5333587493711646,13
nurse,50520,0.6,0,0.5322999935510441,13
nurse,50640,0.2,0,0.5309043237761207,13
nurse,50760,0.4,0,0.5300051578955034,13
nurse,50880,0.2,0,0.5287891650490659,13
nurse,51000,0.8,0,0.5280789323078291,13
nurse,51120,0.2,0,0.5273706048777175,13
nurse,51240,0.6,0,0.5265373772066311,13
nurse,51360,0.4,0,0.525441390476815,13
nurse,51480,1.0,0,0.5256559899951521,13
nurse,51600,0.2,0,0.5244686467967941,13
nurse,51720,0.2,0,0.5236911105694892,13
nurse,51840,0.2,0,0.5225087795296672,13
nurse,51960,1.0,2,0.5228637904017085,13
nurse,52080,0.6,0,0.5271504485398426,13
nurse,52200,0.2,0,0.5261717519540182,13
nurse,52320,0.4,0,0.5273454639306058,13
nurse,52440,0.8,0,0.5262924201360297,13
nurse,52560,0.4,0,0.5250619591579853,13
nurse,52680,1.0,2,0.5241370587167938,13
nurse,52800,1.0,3,0.5305863420178492,13
nurse,52920,0.8,0,0.532009448953419,13
nurse,53040,0.0,0,0.5314381594392494,13
nurse,53160,1.0,3,0.5319265913470835,13
nurse,53280,0.8,0,0.5361906451696554,13
nurse,53400,0.4,0,0.536481893295,13
nurse,53520,0.2,0,0.5355169811212439,13
nurse,53640,0.4,0,0.5341488133005255,13
nurse,53760,1.0,0,0.5332909592006532,13
nurse,53880,0.0,0,0.5322930345015499,13
nurse,54000,0.6,0,0.531111708188101,13
nurse,54120,1.0,1,0.5300461652688657,13
nurse,54240,0.6,0,0.5325202463570691,13
nurse,54360,0.4,0,0.5314538630112524,13
nurse,54480,0.6,0,0.5308508597231413,13
nurse,54600,0.2,0,0.5297540853714794,13
nurse,54720,0.4,0,0.5287670586966287,13
nurse,54840,0.4,0,0.5289888819946879,13
nurse,54960,0.8,0,0.529056813922093,13
nurse,55080,0.0,0,0.5282823766624543,13
nurse,55200,0.8,0,0.5273340449357657,13
nurse,55320,0.2,0,0.5265457475580714,13
nurse,55440,0.4,0,0.5251777828999499,13
nurse,55560,0.4,0,0.524693049936172,13
nurse,55680,0.2,0,0.5235536513478202,13
nurse,55800,0.2,0,0.522570167861436,13
nurse,55920,0.2,0,0.5215621640927998,13
nurse,56040,0.4,0,0.5206283392781335,13
nurse,56160,0.6,0,0.5199554513548902,13
nurse,56280,0.4,0,0.5195741108309162,13
nurse,56400,0.6,0,0.5185335504201254,13
nurse,56520,0.2,0,0.5174232794535562,13
nurse,56640,0.0,0,0.5166120977997419,13
nurse,56760,0.6,0,0.5164425651866071,13
nurse,56880,0.4,0,0.51548965150448,13
nurse,57000,0.2,0,0.5144309262995486,13
nurse,57120,0.6,0,0.5135217164616207,13
nurse,57240,0.4,0,0.5125433728019773,13
nurse,57360,0.6,0,0.5143135491366407,13
nurse,57480,0.2,0,0.5137828066684499,13
nurse,57600,0.4,0,0.512845904369854,13
nurse,57720,0.6,0,0.5120916663985837,13
nurse,57840,0.0,0,0.5115642431793509,13
nurse,57960,0.4,0,0.5127109167462841,13
nurse,58080,0.4,0,0.5118189974004724,13
nurse,58200,0.6,0,0.5109656694437089,13
nurse,58320,0.2,0,0.5101949250898118,13
nurse,58440,0.2,0,0.5091355502453564,13
nurse,58560,0.2,0,0.509516438701265,13
nurse,58680,0.6,0,0.5084632110322066,13
nurse,58800,0.2,0,0.5076576932940345,13
nurse,58920,0.2,0,0.5066128434862117,13
nurse,59040,0.6,0,0.5056185513901579,13
nurse,59160,0.0,0,0.5051756623258347,13
nurse,59280,0.8,0,0.5040739366259487,13
nurse,59400,0.6,0,0.50323367296522,13
nurse,59520,1.0,0,0.5023111234561174,13
nurse,59640,0.6,0,0.5015387354958497,13
nurse,59760,0.4,0,0.5015745690578622,13
nurse,59880,0.4,0,0.500640849803455,13
nurse,60000,0.6,0,0.5015033306266279,13
nurse,60120,0.4,0,0.500862927153148,13
nurse,60240,1.0,1,0.5001412861161526,13
nurse,60360,0.8,0,0.499499452422868,13
nurse,60480,0.4,0,0.4984314327464325,13
nurse,60600,0.4,0,0.4972022143893292,13
nurse,60720,0.8,0,0.4962291341253088,13
nurse,60840,0.6,0,0.4953065914152956,13
nurse,60960,0.6,0,0.4948666659730988,13
nurse,61080,0.4,0,0.49481817043885185,13
nurse,61200,0.0,0,0.4940998596668521,13
nurse,61320,0.4,0,0.49376753675729673,13
nurse,61440,0.8,0,0.49305315520996934,13
nurse,61560,0.4,0,0.4921469264883022,13
nurse,61680,1.0,1,0.492757589663137,13
nurse,61800,1.0,0,0.49193314912752556,13
nurse,61920,0.2,0,0.49116249667458434,13
nurse,62040,0.2,0,0.4903384833927606,13
nurse,62160,0.6,0,0.48929864011581886,13
nurse,62280,1.0,0,0.4886717623203464,13
nurse,62400,0.8,0,0.48797563430036994,13
nurse,62520,0.6,0,0.4872872252711819,13
nurse,62640,0.2,0,0.48653254730612516,13
nurse,62760,0.4,0,0.48587422362742483,13
nurse,62880,0.8,0,0.48531136251111034,13
nurse,63000,0.2,0,0.4843450414732888,13
nurse,63120,0.0,0,0.48350653697727825,13
nurse,63240,0.6,0,0.4825031617714864,13
nurse,63360,0.2,0,0.4815057847578164,13
nurse,63480,0.6,0,0.48135902754604215,13
nurse,63600,0.6,0,0.48068481231678045,13
nurse,63720,0.0,0,0.4831723203135775,13
nurse,63840,0.2,0,0.4823139467986495,13
nurse,63960,0.4,0,0.4818898256849276,13
nurse,64080,0.8,0,0.4813612312321232,13
nurse,64200,0.0,0,0.4804776116061545,13
nurse,64320,0.4,0,0.479600330819365,13
nurse,64440,1.0,0,0.4788607911066928,13
nurse,64560,0.0,0,0.47914355076263737,13
nurse,64680,0.8,0,0.4783227881358735,13
nurse,64800,0.0,0,0.4773663218970216,13
nurse,64920,1.0,4,0.47651568210996076,13
nurse,65040,0.8,0,0.4777638614403085,13
nurse,65160,0.6,0,0.476817138419225,13
nurse,65280,0.6,0,0.47607797872055313,13
nurse,65400,0.6,0,0.47531167973914196,13
nurse,65520,0.2,0,0.47558210426924147,13
nurse,65640,0.6,0,0.4749536380655966,13
nurse,65760,0.8,0,0.483236743679145,13
nurse,65880,0.0,0,0.4844489241564527,13
nurse,66000,0.0,0,0.48364665962307296,13
nurse,66120,0.4,0,0.4829248973351606,13
nurse,66240,1.0,0,0.48302557919134326,13
nurse,66360,1.0,0,0.48229130799799164,13
nurse,66480,0.4,0,0.48144721157199105,13
nurse,66600,0.6,0,0.48202602086308205,13
nurse,66720,0.6,0,0.48141271904919997,13
nurse,66840,0.6,0,0.4809266570019007,13
nurse,66960,0.0,0,0.4802292407017166,13
nurse,67080,0.2,0,0.47922745934586514,13
nurse,67200,0.4,0,0.4788935998651966,13
nurse,67320,0.4,0,0.4781453735809292,13
nurse,67440,0.4,0,0.47746675040629794,13
nurse,67560,0.4,0,0.47675155155907456,13
nurse,67680,0.4,0,0.475924600485732,13
nurse,67800,0.0,0,0.4752585421681196,13
nurse,67920,0.4,0,0.4744763626144589,13
nurse,68040,0.2,0,0.4737140835599195,13
nurse,68160,0.4,0,0.47306666399120617,13
nurse,68280,0.2,0,0.4722528703468981,13
nurse,68400,0.2,0,0.47146979085088286,13
nurse,68520,0.2,0,0.47106598850580045,13
nurse,68640,0.4,0,0.4734300992847817,13
nurse,68760,0.2,0,0.47264895356999237,13
nurse,68880,0.6,0,0.4730691410226073,13
nurse,69000,0.4,0,0.4722794424194621,13
nurse,69120,0.6,0,0.47143492253647157,13
nurse,69240,1.0,1,0.4706078920893577,13
nurse,69360,0.4,0,0.47037101861911007,13
nurse,69480,0.0,0,0.46974034743873,13
nurse,69600,0.6,0,0.46905675068187763,13
nurse,69720,0.2,0,0.46845682925201876,13
nurse,69840,1.0,6,0.46774017348941177,13
nurse,69960,0.6,0,0.4739545882928389,13
nurse,70080,0.8,0,0.47311899106380173,13
nurse,70200,0.2,0,0.47238857084953256,13
nurse,70320,0.8,0,0.4715725132009384,13
nurse,70440,0.2,0,0.4708325122832958,13
nurse,70560,0.2,0,0.4701568830325161,13
nurse,70680,0.2,0,0.46951010066447857,13
nurse,70800,0.4,0,0.4686556319497975,13
nurse,70920,1.0,0,0.468493472596697,13
nurse,71040,1.0,0,0.46809033595481886,13
nurse,71160,0.4,0,0.46723887558928046,13
nurse,71280,0.6,0,0.4665758244517581,13
nurse,71400,0.4,0,0.4742798540564398,13
nurse,71520,0.4,0,0.47379693532281514,13
nurse,71640,1.0,1,0.4737427036040285,13
nurse,71760,0.0,0,0.47385202710277363,13
nurse,71880,0.4,0,0.473315676843758,13
nurse,72000,0.6,0,0.47257084241720665,13
nurse,72120,1.0,0,0.4719181002690591,13
nurse,72240,0.0,0,0.47111455050492074,13
nurse,72360,0.2,0,0.4704297527013134,13
nurse,72480,1.0,2,0.469960905638514,13
nurse,72600,0.4,0,0.46971272258082375,13
nurse,72720,0.2,0,0.4689177979098198,13
nurse,72840,1.0,2,0.468204007150485,13
nurse,72960,0.6,0,0.46816846163964615,13
nurse,73080,1.0,3,0.46750763800757583,13
nurse,73200,0.2,0,0.46810051788783547,13
nurse,73320,0.2,0,0.46777250855046837,13
nurse,73440,1.0,1,0.4670403488305124,13
nurse,73560,0.0,0,0.46682041327216606,13
nurse,73680,0.4,0,0.46607666027881955,13
nurse,73800,0.6,0,0.46553955827224247,13
nurse,73920,0.0,0,0.46510566723657215,13
nurse,74040,0.8,0,0.46426571282192747,13
nurse,74160,0.2,0,0.4636567399243089,13
nurse,74280,0.6,0,0.46313781690710026,13
nurse,74400,0.6,0,0.4625824655160305,13
nurse,74520,0.4,0,0.46180218167497067,13
nurse,74640,0.0,0,0.46745314260963644,13
nurse,74760,0.6,0,0.46708819508684896,13
nurse,74880,0.4,0,0.46659381516375925,13
nurse,75000,0.2,0,0.46578703923652953,13
nurse,75120,0.6,0,0.46493717623726594,13
nurse,75240,0.4,0,0.46792053720110705,13
nurse,75360,0.4,0,0.4675762573295653,13
nurse,75480,0.2,0,0.46689886510185163,13
nurse,75600,1.0,1,0.46684788505385205,13
nurse,75720,1.0,3,0.4680181050857043,13
nurse,75840,0.2,0,0.4744638651566926,13
nurse,75960,0.4,0,0.47403422011542473,13
nurse,76080,0.4,0,0.47352427075172926,13
nurse,76200,0.6,0,0.4742105910803878,13
nurse,76320,0.8,0,0.4735065295421169,13
nurse,76440,0.0,0,0.47315144601082537,13
nurse,76560,0.4,0,0.4724009678792654,13
nurse,76680,0.8,0,0.4717275701635829,13
nurse,76800,0.4,0,0.47095677348030907,13
nurse,76920,0.8,0,0.472991283558673,13
nurse,77040,0.4,0,0.4723517678495201,13
nurse,77160,0.6,0,0.47197968106673766,13
nurse,77280,0.2,0,0.47143501294968626,13
nurse,77400,0.4,0,0.4706450087386269,13
nurse,77520,0.2,0,0.4699420693394024,13
nurse,77640,0.6,0,0.4692795916141289,13
nurse,77760,0.2,0,0.4687405690652916,13
nurse,77880,0.8,0,0.468057167038016,13
nurse,78000,0.2,0,0.4679544318705854,13
nurse,78120,0.2,0,0.4681583689958899,13
nurse,78240,0.8,0,0.4676938917811725,13
nurse,78360,1.0,2,0.467985390249742,13
nurse,78480,0.8,0,0.4696657345112577,13
nurse,78600,0.6,0,0.4691895916148319,13
nurse,78720,1.0,0,0.4689563509183145,13
nurse,78840,0.0,0,0.4689028896896853,13
nurse,78960,1.0,1,0.47072745577548636,13
nurse,79080,0.6,0,0.470704631265226,13
nurse,79200,0.6,0,0.470246814487386,13
nurse,79320,1.0,0,0.4718323914023347,13
nurse,79440,1.0,0,0.4713826596182251,13
nurse,79560,0.6,0,0.47061438799207755,13
nurse,79680,0.6,0,0.4699157739690687,13
nurse,79800,0.2,0,0.46922412511127537,13
nurse,79920,0.8,0,0.4684632853847204,13
nurse,80040,0.4,0,0.4690346330302134,13
nurse,80160,0.2,0,0.46909932353103423,13
nurse,80280,1.0,0,0.47325298100173396,13
nurse,80400,0.4,0,0.47273508654998814,13
nurse,80520,0.6,0,0.4721719749832044,13
nurse,80640,0.4,0,0.47148495540192337,13
nurse,80760,1.0,0,0.4784344706052406,13
nurse,80880,0.8,0,0.47774077530762776,13
nurse,81000,1.0,1,0.4871220828552633,13
nurse,81120,1.0,1,0.486912932153215,13
nurse,81240,0.6,0,0.4864186095896045,13
nurse,81360,0.4,0,0.4861878569439281,13
nurse,81480,0.8,0,0.4867254001107147,13
nurse,81600,0.6,0,0.4871448303776014,13
nurse,81720,0.8,0,0.4864927699422586,13
nurse,81840,1.0,2,0.4858202546345131,13
nurse,81960,0.2,0,0.48525250198092934,13
nurse,38880,1.0,0,0.5174711293695026,14
nurse,39000,0.0,0,0.5165090240280401,14
nurse,39120,0.6,0,0.5150831162357515,14
nurse,39240,0.6,0,0.5136885477621791,14
nurse,39360,0.8,0,0.5120169643115452,14
nurse,39480,0.6,0,0.5117597191772315,14
nurse,39600,0.6,0,0.5103158183169978,14
nurse,39720,0.4,0,0.5107192405149954,14
nurse,39840,1.0,3,0.5104781025180724,14
nurse,39960,0.8,0,0.523604543155711,14
nurse,40080,0.4,0,0.528004266273135,14
nurse,40200,0.8,0,0.5264852063800872,14
nurse,40320,0.4,0,0.5288437543522655,14
nurse,40440,0.4,0,0.5300095694009914,14
nurse,40560,0.4,0,0.5299406824957302,14
nurse,40680,0.6,0,0.5287186990554191,14
nurse,40800,0.6,0,0.5272909981969451,14
nurse,40920,0.4,0,0.5257620947930615,14
nurse,41040,0.6,0,0.5307695718485328,14
nurse,41160,0.2,0,0.5293366529925041,14
nurse,41280,1.0,2,0.5290444395608124,14
nurse,41400,0.2,0,0.530039283172925,14
nurse,41520,0.2,0,0.5287162204461109,14
nurse,41640,0.4,0,0.526794351651683,14
nurse,41760,0.6,0,0.5281360198611021,14
nurse,41880,0.2,0,0.5287164682677814,14
nurse,42000,0.4,0,0.5285408154861495,14
nurse,42120,0.2,0,0.5291913059132037,14
nurse,42240,0.6,0,0.5335452540668403,14
nurse,42360,0.6,0,0.5319406066861881,14
nurse,42480,0.2,0,0.5305444371148333,14
nurse,42600,1.0,2,0.5342783077151861,14
nurse,42720,0.8,0,0.5348840053739778,14
nurse,42840,0.4,0,0.5336905118699822,14
nurse,42960,0.6,0,0.5327730712210397,14
nurse,43080,1.0,1,0.5313452531759967,14
nurse,43200,1.0,3,0.5312623571688928,14
nurse,43320,0.4,0,0.5335314800793246,14
nurse,43440,1.0,0,0.5324896047810013,14
nurse,43560,0.4,0,0.5319669290326156,14
nurse,43680,1.0,0,0.5306301462472707,14
nurse,43800,0.4,0,0.5391720027045618,14
nurse,43920,0.6,0,0.5390648256158329,14
nurse,44040,0.6,0,0.5377729317113593,14
nurse,44160,0.0,0,0.5362780054901379,14
nurse,44280,0.4,0,0.5351686976273559,14
nurse,44400,0.2,0,0.5338005296175751,14
nurse,44520,1.0,5,0.5335384609457092,14
nurse,44640,1.0,2,0.5460391660209434,14
nurse,44760,0.2,0,0.5464550530780838,14
nurse,44880,0.8,0,0.5498998279755639,14
nurse,45000,0.2,0,0.5484418522937903,14
nurse,45120,0.4,0,0.5478394577409899,14
nurse,45240,0.6,0,0.5470533280368595,14
nurse,45360,0.4,0,0.546045244508536,14
nurse,45480,0.6,0,0.5564362196416819,14
nurse,45600,0.4,0,0.5550768082334308,14
nurse,45720,0.6,0,0.555855169290726,14
nurse,45840,1.0,1,0.5548532281903893,14
nurse,45960,0.6,0,0.5540217683991867,14
nurse,46080,0.0,0,0.552921569757054,14
nurse,46200,0.6,0,0.5533300868946887,14
nurse,46320,0.4,0,0.5575935326507255,14
nurse,46440,1.0,0,0.5561145047126597,14
nurse,46560,0.6,0,0.5557432107247309,14
nurse,46680,0.0,0,0.5544323251722386,14
nurse,46800,0.2,0,0.5533508271246631,14
nurse,46920,0.8,0,0.5555539220542413,14
nurse,47040,0.2,0,0.5541904158585791,14
nurse,47160,0.6,0,0.5529430787396239,14
nurse,47280,1.0,0,0.5520357220378657,14
nurse,47400,0.4,0,0.5516566648213473,14
nurse,47520,0.2,0,0.5508150877536748,14
nurse,47640,0.4,0,0.5498043335681231,14
nurse,47760,0.4,0,0.5486145780398026,14
nurse,47880,0.0,0,0.5482077355303883,14
nurse,48000,1.0,0,0.5465129606435003,14
nurse,48120,0.8,0,0.5500346295814769,14
nurse,48240,0.4,0,0.5504833721995473,14
nurse,48360,1.0,2,0.5533294690700258,14
nurse,48480,0.6,0,0.5541521296370846,14
nurse,48600,0.2,0,0.5532005912099818,14
nurse,48720,0.8,0,0.5519635041114244,14
nurse,48840,0.8,0,0.5513906484528531,14
nurse,48960,0.6,0,0.5504650764377872,14
nurse,49080,0.0,0,0.5496270809183744,14
nurse,49200,0.2,0,0.5551148126388409,14
nurse,49320,0.2,0,0.5542198991894796,14
nurse,49440,0.2,0,0.5530560168046991,14
nurse,49560,0.6,0,0.5519462647844633,14
nurse,49680,0.4,0,0.5628893586612427,14
nurse,49800,0.0,0,0.5631497082121272,14
nurse,49920,1.0,2,0.5619822793799221,14
nurse,50040,0.6,0,0.5613897807630446,14
nurse,50160,0.2,0,0.5619143061705044,14
nurse,50280,1.0,5,0.5614539121865294,14
nurse,50400,0.6,0,0.5672151277820756,14
nurse,50520,0.6,0,0.5657398677555303,14
nurse,50640,0.2,0,0.5644296356998486,14
nurse,50760,0.6,0,0.5634126494133876,14
nurse,50880,0.0,0,0.5624859112887161,14
nurse,51000,0.2,0,0.5613041649137706,14
nurse,51120,0.4,0,0.5599037490961157,14
nurse,51240,0.2,0,0.5600482072741024,14
nurse,51360,1.0,2,0.5594018722239169,14
nurse,51480,1.0,0,0.5594518752568062,14
nurse,51600,0.8,0,0.5582672308929885,14
nurse,51720,0.6,0,0.5576160249412385,14
nurse,51840,0.0,0,0.5568348895070634,14
nurse,51960,0.8,0,0.5580218231953812,14
nurse,52080,0.4,0,0.5593680284920911,14
nurse,52200,0.6,0,0.5583558946729172,14
nurse,52320,0.4,0,0.5574625933024978,14
nurse,52440,0.6,0,0.5561216042090458,14
nurse,52560,0.6,0,0.5551933988154791,14
nurse,52680,0.8,0,0.5559408149535511,14
nurse,52800,0.4,0,0.5547745388312562,14
nurse,52920,0.4,0,0.5538958040812593,14
nurse,53040,0.2,0,0.5524833215467452,14
nurse,53160,0.0,0,0.5517777234349357,14
nurse,53280,0.6,0,0.550844373778262,14
nurse,53400,0.2,0,0.5499352818589542,14
nurse,53520,0.4,0,0.548580154596309,14
nurse,53640,0.6,0,0.5523396630188381,14
nurse,53760,1.0,3,0.5529093390158701,14
nurse,53880,0.2,0,0.5541810082762244,14
nurse,54000,0.6,0,0.5540602805524814,14
nurse,54120,0.4,0,0.5529969821103229,14
nurse,54240,0.6,0,0.5519807377962824,14
nurse,54360,0.4,0,0.5513753074748913,14
nurse,54480,0.2,0,0.5501581857220537,14
nurse,54600,0.2,0,0.5488717361829154,14
nurse,54720,1.0,5,0.5565879066494256,14
nurse,54840,0.2,0,0.5676965937323455,14
nurse,54960,0.8,0,0.5662549030647622,14
nurse,55080,1.0,2,0.565434362703851,14
nurse,55200,0.4,0,0.5650257693214311,14
nurse,55320,0.8,0,0.5641377479874226,14
nurse,55440,0.6,0,0.5634075390918989,14
nurse,55560,0.6,0,0.5628470785827235,14
nurse,55680,0.4,0,0.5617996963866778,14
nurse,55800,0.6,0,0.5622234821123737,14
nurse,55920,0.4,0,0.5612383216892558,14
nurse,56040,0.6,0,0.5619766063450501,14
nurse,56160,1.0,0,0.5612580172341453,14
nurse,56280,0.8,0,0.5603855067196569,14
nurse,56400,0.2,0,0.5592457156417483,14
nurse,56520,1.0,0,0.5581766546296216,14
nurse,56640,0.8,0,0.5580101469852818,14
nurse,56760,0.2,0,0.5567166421489151,14
nurse,56880,0.4,0,0.5557200056222447,14
nurse,57000,1.0,3,0.5591996006506408,14
nurse,57120,0.6,0,0.5614228664868371,14
nurse,57240,0.4,0,0.5608562434874819,14
nurse,57360,0.2,0,0.5598418252383915,14
nurse,57480,0.6,0,0.5584432890015875,14
nurse,57600,0.2,0,0.5574761871572375,14
nurse,57720,0.6,0,0.5563133393274848,14
nurse,57840,0.6,0,0.5552201564817121,14
nurse,57960,0.4,0,0.5543789138203763,14
nurse,58080,1.0,1,0.5537544732715308,14
nurse,58200,0.4,0,0.5540605692668255,14
nurse,58320,0.2,0,0.5534042197678847,14
nurse,58440,0.4,0,0.5521804100435629,14
nurse,58560,0.4,0,0.5514933969174717,14
nurse,58680,0.4,0,0.550443790126166,14
nurse,58800,0.6,0,0.5493810475010876,14
nurse,58920,0.8,0,0.5486315139575322,14
nurse,59040,0.4,0,0.5487633109629786,14
nurse,59160,1.0,3,0.5480169846332937,14
nurse,59280,0.0,0,0.5508124216793653,14
nurse,59400,0.6,0,0.5499442034326529,14
nurse,59520,0.2,0,0.548966237743093,14
nurse,59640,0.8,0,0.5479263326495593,14
nurse,59760,0.2,0,0.5475654582713061,14
nurse,59880,0.6,0,0.5475064182747017,14
nurse,60000,1.0,2,0.5525556327856556,14
nurse,60120,0.2,0,0.5524760007923527,14
nurse,60240,0.6,0,0.5514350789793729,14
nurse,60360,0.2,0,0.5507231088324099,14
nurse,60480,0.4,0,0.5498883499354053,14
nurse,60600,0.2,0,0.5489116388342767,14
nurse,60720,0.2,0,0.5496310021718939,14
nurse,60840,0.4,0,0.5485781664576399,14
nurse,60960,0.2,0,0.5477169199086124,14
nurse,61080,0.4,0,0.5470012774967633,14
nurse,61200,0.6,0,0.5457562954471622,14
nurse,61320,1.0,0,0.5455949304878264,14
nurse,61440,1.0,1,0.5461912539351332,14
nurse,61560,0.6,0,0.5544443601340139,14
nurse,61680,0.2,0,0.5565084572759024,14
nurse,61800,0.2,0,0.5553907653033805,14
nurse,61920,0.4,0,0.5561082292223257,14
nurse,62040,0.6,0,0.5551074560095085,14
nurse,62160,0.4,0,0.5542525128699186,14
nurse,62280,1.0,1,0.5538855426358488,14
nurse,62400,0.6,0,0.5538654244444402,14
nurse,62520,0.6,0,0.5526765095641442,14
nurse,62640,0.4,0,0.5517273163984276,14
nurse,62760,0.4,0,0.5508428393372468,14
nurse,62880,0.4,0,0.5500395559676833,14
nurse,63000,0.2,0,0.5496198945391444,14
nurse,63120,0.6,0,0.5488211293695248,14
nurse,63240,0.6,0,0.5479555355120874,14
nurse,63360,0.6,0,0.5487694148984673,14
nurse,63480,0.4,0,0.5491018658518427,14
nurse,63600,0.8,0,0.5481002443102507,14
nurse,63720,0.4,0,0.5471393873830852,14
nurse,63840,0.4,0,0.5461696840958796,14
nurse,63960,0.4,0,0.5453580360242635,14
nurse,64080,0.4,0,0.5449875404221506,14
nurse,64200,0.6,0,0.5440734158280401,14
nurse,64320,0.6,0,0.543147927356872,14
nurse,64440,0.2,0,0.5420118262713971,14
nurse,64560,0.6,0,0.5408550577151915,14
nurse,64680,0.6,0,0.5400695711747657,14
nurse,64800,0.8,0,0.538938175991246,14
nurse,64920,0.4,0,0.5410461685901617,14
nurse,65040,0.6,0,0.5402834778646421,14
nurse,65160,0.4,0,0.5396411024140949,14
nurse,65280,0.6,0,0.5386547818452221,14
nurse,65400,0.4,0,0.5376696179449991,14
nurse,65520,0.8,0,0.5365331185520337,14
nurse,65640,0.4,0,0.5355882311749759,14
nurse,65760,0.4,0,0.5346907524894587,14
nurse,65880,0.2,0,0.534075607209574,14
nurse,66000,0.8,0,0.5333391191732267,14
nurse,66120,0.6,0,0.532617436616643,14
nurse,66240,0.2,0,0.5325444974530987,14
nurse,66360,0.4,0,0.5317109941462254,14
nurse,66480,0.8,0,0.5310562909814275,14
nurse,66600,1.0,0,0.5300053250082708,14
nurse,66720,0.4,0,0.5290851768745755,14
nurse,66840,0.0,0,0.5288474788298352,14
nurse,66960,0.8,0,0.5284574984273909,14
nurse,67080,0.8,0,0.5275772788398116,14
nurse,67200,1.0,0,0.5272264336493089,14
nurse,67320,0.8,0,0.5269840140137035,14
nurse,67440,0.2,0,0.5273733398182885,14
nurse,67560,0.6,0,0.5265530950224174,14
nurse,67680,1.0,2,0.5256367199991544,14
nurse,67800,0.6,0,0.5259107680352411,14
nurse,67920,0.2,0,0.5249815507284289,14
nurse,68040,0.4,0,0.5242197002012011,14
nurse,68160,0.8,0,0.5234488634661619,14
nurse,68280,0.6,0,0.522531604943733,14
nurse,68400,0.4,0,0.5219523354126091,14
nurse,68520,0.6,0,0.521013695483712,14
nurse,68640,1.0,1,0.5217016564885896,14
nurse,68760,0.4,0,0.5214183088775515,14
nurse,68880,0.4,0,0.5226679068378911,14
nurse,69000,0.2,0,0.5219121695521219,14
nurse,69120,0.4,0,0.5209462552176373,14
nurse,69240,0.4,0,0.5208293042039429,14
nurse,69360,0.6,0,0.5201973018449199,14
nurse,69480,0.6,0,0.5197430433586204,14
nurse,69600,1.0,9,0.5243434090598518,14
nurse,69720,1.0,3,0.538380490475711,14
nurse,69840,0.6,0,0.539121057076194,14
nurse,69960,0.6,0,0.5380482098509453,14
nurse,70080,1.0,0,0.5371279208382992,14
nurse,70200,0.2,0,0.5361240571362168,14
nurse,70320,0.6,0,0.5352577456052263,14
nurse,70440,0.8,0,0.5343815616685275,14
nurse,70560,0.4,0,0.5341998466518777,14
nurse,70680,1.0,6,0.5508028041747064,14
nurse,70800,0.4,0,0.5584328590393395,14
nurse,70920,0.2,0,0.5576993781324638,14
nurse,71040,0.8,0,0.5577853531328931,14
nurse,71160,0.6,0,0.5567226034024408,14
nurse,71280,0.6,0,0.5560400030973159,14
nurse,71400,0.4,0,0.5552794060485413,14
nurse,71520,0.0,0,0.5543467692441338,14
nurse,71640,0.2,0,0.557679644606018,14
nurse,71760,1.0,0,0.5595299105826238,14
nurse,71880,0.2,0,0.558811511508066,14
nurse,72000,0.8,0,0.558129697272234,14
nurse,72120,0.6,0,0.5574250418442978,14
nurse,72240,0.4,0,0.5575248586489688,14
nurse,72360,0.6,0,0.5572685212315535,14
nurse,72480,0.6,0,0.5564147160431874,14
nurse,72600,1.0,0,0.5555652847918308,14
nurse,72720,0.6,0,0.5583432906969991,14
nurse,72840,0.6,0,0.5576131518108915,14
nurse,72960,0.4,0,0.5567940247652502,14
nurse,73080,1.0,0,0.5559046835616237,14
nurse,73200,0.4,0,0.5554848167950011,14
nurse,73320,1.0,0,0.5546134916280252,14
nurse,73440,0.4,0,0.5542058342231327,14
nurse,73560,0.8,0,0.5533985641797564,14
nurse,73680,0.2,0,0.5526228156538089,14
nurse,73800,0.4,0,0.5518795635346274,14
nurse,73920,0.4,0,0.551049491135671,14
nurse,74040,1.0,0,0.5516119560216245,14
nurse,74160,0.0,0,0.5510504737991658,14
nurse,74280,0.4,0,0.5505841641801517,14
nurse,74400,0.2,0,0.550537650772968,14
nurse,74520,0.2,0,0.5502414154816514,14
nurse,74640,0.8,0,0.5492591423552757,14
nurse,74760,0.2,0,0.5486748862736298,14
nurse,74880,0.4,0,0.5479754175988946,14
nurse,75000,0.8,0,0.5473040308279834,14
nurse,75120,0.4,0,0.5475712365685514,14
nurse,75240,0.4,0,0.5465383480147129,14
nurse,75360,0.6,0,0.5458173211703662,14
nurse,75480,0.2,0,0.5452012969501601,14
nurse,75600,0.4,0,0.5445890378490118,14
nurse,75720,0.8,0,0.5470367211946249,14
nurse,75840,0.8,0,0.5461577310483366,14
nurse,75960,0.6,0,0.5455006390457153,14
nurse,76080,0.4,0,0.5446743819407154,14
nurse,76200,1.0,0,0.5497351126531839,14
nurse,76320,0.8,0,0.5492283943875494,14
nurse,76440,0.8,0,0.5492302759785566,14
nurse,76560,0.4,0,0.5486886287635874,14
nurse,76680,0.6,0,0.5480473201121416,14
nurse,76800,0.4,0,0.5479858116886076,14
nurse,76920,0.4,0,0.5473509827250747,14
nurse,77040,0.8,0,0.546759442466794,14
nurse,77160,0.2,0,0.5457770104945823,14
nurse,77280,0.6,0,0.5451802942006717,14
nurse,77400,0.4,0,0.5444197755282324,14
nurse,77520,0.8,0,0.5437191941958323,14
nurse,77640,0.2,0,0.5431310580965762,14
nurse,77760,0.2,0,0.5429455177381287,14
nurse,77880,0.0,0,0.5424572329031063,14
nurse,78000,0.0,0,0.5417381970603597,14
nurse,78120,0.4,0,0.5412687458350207,14
nurse,78240,0.6,0,0.5404078720363718,14
nurse,78360,0.2,0,0.5396124688851228,14
nurse,78480,0.0,0,0.5413557697610301,14
nurse,78600,1.0,1,0.5473939664806651,14
nurse,78720,0.8,0,0.5491056221166212,14
nurse,78840,0.0,0,0.5486222028566388,14
nurse,78960,1.0,1,0.5507830904458711,14
nurse,79080,0.0,0,0.5505629425608419,14
nurse,79200,0.4,0,0.5501589596633605,14
nurse,79320,0.6,0,0.5514415833134323,14
nurse,79440,0.6,0,0.5506428716005121,14
nurse,79560,1.0,1,0.5510626199542085,14
nurse,79680,0.8,0,0.5507855257642592,14
nurse,79800,0.6,0,0.551914567374446,14
nurse,79920,0.6,0,0.551412734560341,14
nurse,80040,0.0,0,0.5505457247238416,14
nurse,80160,0.4,0,0.5502767103972224,14
nurse,80280,0.2,0,0.5496510868510464,14
nurse,80400,0.4,0,0.5489726727719906,14
nurse,80520,0.2,0,0.5481539934550081,14
nurse,80640,0.2,0,0.5482545119350323,14
nurse,80760,0.6,0,0.5474999343527389,14
nurse,80880,0.4,0,0.5467230720031999,14
nurse,81000,1.0,1,0.5460616646605475,14
nurse,81120,0.6,0,0.5454320171024376,14
nurse,81240,0.2,0,0.5450206745401391,14
nurse,81360,0.6,0,0.544302632273496,14
nurse,81480,0.8,0,0.5436978001773165,14
nurse,81600,0.8,0,0.5440713438400769,14
nurse,81720,0.8,0,0.5443584916772757,14
nurse,81840,0.6,0,0.5439181630553668,14
nurse,81960,0.8,0,0.5442156482099648,14
