arrivals,mean_q_time_nurse,mean_time_with_nurse,mean_nurse_utilisation,mean_nurse_utilisation_tw,mean_nurse_q_length,count_unseen,mean_q_time_unseen
10776.741935483871,0.5016901310828316,9.9785879812698,0.49768010202939217,0.497800680610181,0.12525116811287498,0.41935483870967744,3.4826288923383495
115.80327218806197,0.06742190929332627,0.11502904359180056,0.007507558993998087,0.007544462802101291,0.017211501482469225,1.6886719347539962,2.688099887068902
10734.264952313013,0.4769595750951833,9.936394987440801,0.49492630715799685,0.4950333493126889,0.11893793840008443,-0.20005502768130318,-3.194981409998563
10819.21891865473,0.5264206870704798,10.0207809750988,0.5004338969007874,0.5005680119076731,0.13156439782566554,1.038764705100658,10.160239194675261
