arrivals,mean_q_time_nurse,mean_time_with_nurse,mean_nurse_utilisation,mean_nurse_utilisation_tw,mean_nurse_q_length
10776.741935483871,0.499036905566402,9.978456743390534,0.49767035119563796,0.49780403428685593,0.12459850290556283
115.80327218806197,0.06739346957542013,0.11513823236530764,0.007524465631261531,0.007540589145270748,0.017212719807337778
10734.264952313013,0.47431678135150124,9.936223698796068,0.4949103549196282,0.4950381238581605,0.11828482630760263
10819.21891865473,0.5237570297813028,10.020689787985,0.5004303474716477,0.5005699447155514,0.13091217950352302
